-0.04,-0.07,1,1,0
-0.06,-0.08,0.99,1,0
-0.06,-0.08,0.97,1,0
-0.05,-0.07,0.98,1,0
-0.05,-0.05,0.99,1,0
-0.05,-0.07,1.01,1,0
-0.05,-0.04,0.98,1,0
-0.06,-0.06,0.99,1,0
-0.05,-0.04,1,1,0
-0.05,-0.06,0.99,1,0
-0.05,-0.02,1,1,0
-0.05,-0.03,1,1,0
-0.05,-0.04,0.99,1,0
-0.05,-0.03,0.99,1,0
-0.05,-0.03,0.98,1,0
-0.05,-0.03,0.98,1,0
-0.05,-0.03,1,1,0
-0.05,-0.02,0.97,1,0
-0.05,-0.01,0.98,1,0
-0.04,-0.02,1,1,0
-0.05,-0.03,0.99,1,0
-0.05,-0.02,0.98,1,0
-0.05,-0.03,0.98,1,0
-0.05,-0.02,0.98,1,0
-0.05,-0.05,1.01,1,0
-0.06,-0.04,0.99,1,0
-0.05,-0.03,1,1,0
-0.07,-0.05,0.99,1,0
-0.06,-0.03,0.98,1,0
-0.06,-0.04,0.98,1,0
-0.05,-0.02,0.99,1,0
-0.05,-0.04,0.99,1,0
-0.06,-0.04,1,1,0
-0.05,-0.02,0.99,1,0
-0.05,-0.01,0.97,1,0
-0.05,-0.02,1,1,0
-0.05,-0.01,0.99,1,0
-0.05,-0.02,0.99,1,0
-0.05,-0.01,0.99,1,0
-0.06,0,0.98,1,0
-0.06,0,0.97,1,0
-0.04,-0.02,0.99,1,0
-0.05,-0.01,0.98,1,0
-0.03,0.01,0.99,1,0
-0.04,0,0.98,1,0
-0.04,0,0.98,1,0
-0.04,-0.01,0.98,1,0
-0.05,-0.01,0.99,1,0
-0.04,-0.04,1,1,0
-0.04,-0.02,0.99,1,0
-0.04,-0.03,0.98,1,0
-0.03,-0.03,1.02,1,0
-0.04,-0.02,0.99,1,0
-0.05,-0.02,0.97,1,0
-0.04,-0.02,0.99,1,0
-0.04,-0.01,0.99,1,0
-0.05,-0.02,0.98,1,0
-0.04,-0.03,0.97,1,0
-0.04,-0.02,0.98,1,0
-0.04,-0.02,0.99,1,0
-0.05,-0.03,0.98,1,0
-0.05,-0.04,0.99,1,0
-0.05,-0.04,0.99,1,0
-0.04,-0.02,0.98,1,0
-0.04,-0.03,0.99,1,0
-0.05,-0.03,1,1,0
-0.05,-0.03,0.98,1,0
-0.05,-0.03,1,1,0
-0.04,-0.02,0.99,1,0
-0.05,-0.01,0.98,1,0
-0.05,-0.02,0.98,1,0
-0.04,-0.01,1,1,0
-0.05,-0.01,0.97,1,0
-0.05,-0.03,0.99,1,0
-0.04,-0.02,0.99,1,0
-0.04,-0.02,0.99,1,0
-0.05,-0.02,0.98,1,0
-0.05,-0.03,1.01,1,0
-0.05,-0.02,1,1,0
-0.05,-0.02,0.99,1,0
-0.05,-0.02,0.99,1,0
-0.05,-0.02,0.99,1,0
-0.05,-0.03,0.99,1,0
-0.07,-0.05,0.99,1,0
-0.05,-0.02,1,1,0
-0.06,-0.04,0.98,1,0
-0.05,-0.03,0.99,1,0
-0.06,-0.06,1,1,0
-0.06,-0.03,0.96,1,0
-0.06,-0.05,0.97,1,0
-0.06,-0.05,0.99,1,0
-0.05,-0.03,1,1,0
-0.06,-0.05,0.98,1,0
-0.05,-0.04,0.99,1,0
-0.06,-0.05,0.97,1,0
-0.04,-0.04,0.99,1,0
-0.05,-0.05,1,1,0
-0.05,-0.05,0.99,1,0
-0.05,-0.04,0.98,1,0
-0.05,-0.03,0.97,1,0
-0.05,-0.04,0.98,1,0
-0.05,-0.06,0.99,1,0
-0.05,-0.05,0.99,1,0
-0.05,-0.05,1,1,0
-0.04,-0.06,1,1,0
-0.06,-0.04,0.96,1,0
-0.07,-0.08,0.98,1,0
-0.05,-0.08,0.99,1,0
-0.05,-0.05,0.99,1,0
-0.06,-0.05,0.99,1,0
-0.04,-0.05,0.99,1,0
-0.04,-0.04,0.99,1,0
-0.05,-0.07,1,1,0
-0.04,-0.04,0.99,1,0
-0.05,-0.05,1,1,0
-0.05,-0.05,1,1,0
-0.05,-0.02,0.99,1,0
-0.04,0.05,0.99,1,0
0,0.18,1,5,4
-0.04,0.15,0.98,1,0
-0.04,0.13,0.97,1,0
-0.05,0.1,0.98,1,0
-0.05,0.1,0.98,1,0
-0.05,0.08,0.98,1,0
-0.04,0.09,1,1,0
-0.05,0.08,0.98,1,0
-0.03,0.12,0.99,1,0
-0.01,0.31,0.93,5,4
0.03,0.7,0.69,5,4
0.08,0.95,0.14,3,2
0.08,0.93,-0.21,5,4
0.16,0.77,-0.54,5,4
0.32,0.43,-0.87,5,4
0.23,0.22,-0.94,5,4
0.12,0.15,-0.99,2,1
0.07,-0.02,-0.9,2,1
0.03,-0.25,-0.88,5,4
-0.01,-0.25,-1,5,4
0.04,-0.17,-1.07,2,1
0.02,-0.18,-1.03,2,1
0,-0.21,-1.02,5,4
0.01,-0.2,-1,5,4
0.01,-0.23,-0.98,5,4
0,-0.2,-1,5,4
-0.04,-0.14,-1,2,1
-0.08,-0.04,-1.01,2,1
-0.04,-0.01,-1.02,2,1
-0.03,-0.06,-1,2,1
-0.01,-0.09,-1.03,2,1
-0.02,-0.09,-1.02,2,1
-0.02,-0.09,-1.02,2,1
-0.01,-0.11,-1.04,2,1
-0.03,-0.09,-1,2,1
-0.02,-0.08,-1.01,2,1
-0.02,-0.1,-1.03,2,1
-0.04,-0.09,-1.02,2,1
-0.02,-0.12,-1.04,2,1
-0.01,-0.12,-0.99,2,1
-0.02,-0.09,-1.02,2,1
0,-0.1,-1.03,2,1
-0.01,-0.11,-1.02,2,1
-0.01,-0.11,-1.01,2,1
-0.01,-0.11,-1,2,1
-0.01,-0.11,-1.02,2,1
-0.01,-0.13,-1.01,2,1
-0.01,-0.12,-1.01,2,1
-0.01,-0.12,-1.01,2,1
-0.01,-0.12,-1.01,2,1
-0.01,-0.11,-1.01,2,1
-0.01,-0.11,-1.02,2,1
0,-0.13,-1,2,1
-0.01,-0.12,-1.01,2,1
0,-0.13,-1.02,2,1
-0.01,-0.12,-1.02,2,1
-0.01,-0.13,-1.02,2,1
-0.02,-0.13,-0.99,2,1
-0.02,-0.11,-1.02,2,1
-0.01,-0.14,-1.01,2,1
-0.02,-0.12,-1.01,2,1
-0.01,-0.13,-1.01,2,1
-0.02,-0.12,-1,2,1
-0.02,-0.13,-1,2,1
-0.01,-0.13,-1.01,2,1
-0.01,-0.12,-1.02,2,1
-0.01,-0.12,-1.01,2,1
-0.02,-0.12,-1.01,2,1
-0.01,-0.13,-1.01,2,1
-0.01,-0.12,-1.02,2,1
-0.02,-0.13,-1,2,1
-0.01,-0.14,-1,2,1
-0.01,-0.14,-1.01,2,1
-0.01,-0.13,-1.02,2,1
-0.01,-0.13,-1.02,2,1
-0.02,-0.12,-1,2,1
-0.02,-0.12,-1.02,2,1
-0.01,-0.14,-1.02,2,1
-0.02,-0.14,-1.02,2,1
-0.01,-0.14,-1.01,2,1
-0.02,-0.13,-1.01,2,1
-0.02,-0.14,-1.01,2,1
-0.02,-0.13,-1.01,2,1
-0.02,-0.13,-1.01,2,1
-0.02,-0.14,-1.01,2,1
-0.01,-0.13,-1.02,2,1
-0.01,-0.14,-1.02,2,1
-0.02,-0.14,-1.01,2,1
-0.02,-0.13,-1.01,2,1
-0.02,-0.14,-1.01,2,1
-0.02,-0.14,-1.01,2,1
-0.01,-0.14,-1.02,2,1
-0.02,-0.13,-1.01,2,1
-0.03,-0.11,-1.02,2,1
0,-0.15,-1.02,2,1
-0.03,-0.12,-1.02,2,1
-0.03,-0.13,-1,2,1
-0.01,-0.14,-1.02,2,1
-0.02,-0.13,-1.02,2,1
-0.02,-0.14,-1,2,1
-0.01,-0.15,-1.01,2,1
-0.02,-0.14,-1.02,2,1
-0.03,-0.14,-1.01,2,1
-0.03,-0.13,-1,2,1
-0.03,-0.12,-1.01,2,1
-0.03,-0.14,-1.01,2,1
-0.03,-0.12,-1.01,2,1
-0.03,-0.13,-1,2,1
-0.02,-0.12,-1.03,2,1
-0.03,-0.12,-1,2,1
-0.01,-0.13,-1.01,2,1
-0.02,-0.13,-1,2,1
-0.03,-0.12,-1,2,1
-0.03,-0.12,-1,2,1
-0.03,-0.13,-1,2,1
-0.03,-0.13,-1.01,2,1
-0.03,-0.12,-1.01,2,1
-0.04,-0.12,-0.99,2,1
-0.03,-0.12,-1,2,1
-0.02,-0.11,-1.02,2,1
-0.02,-0.09,-1.01,2,1
-0.05,-0.07,-1.01,2,1
-0.04,-0.1,-1.01,2,1
-0.02,-0.07,-1.03,2,1
-0.05,-0.06,-1.01,2,1
-0.04,-0.07,-1.02,2,1
-0.04,-0.04,-1.02,2,1
-0.05,-0.01,-1.02,2,1
-0.04,0.01,-1.02,2,1
-0.05,0.07,-1,2,1
-0.07,0.33,-0.94,5,4
-0.09,0.73,-0.68,5,4
-0.1,0.87,-0.39,5,4
-0.08,1,-0.11,3,2
-0.04,0.98,0.12,3,2
0.03,1.04,0.28,5,4
0.04,1.15,0,3,2
0.04,1.04,0.12,3,2
0.03,1.02,0.06,3,2
0,0.98,0.04,3,2
-0.01,1,0.06,3,2
-0.01,1,0.04,3,2
-0.01,0.99,0.06,3,2
0.01,0.95,0.03,3,2
-0.01,0.98,0.01,3,2
-0.02,1.01,0.02,3,2
-0.02,0.99,0.03,3,2
-0.01,0.97,0,3,2
-0.01,0.96,0.02,3,2
-0.02,0.95,0.01,3,2
-0.02,0.99,0.02,3,2
-0.02,0.98,0,3,2
-0.02,0.98,0.01,3,2
-0.03,1,0.01,3,2
-0.02,0.98,0,3,2
-0.02,0.98,0.01,3,2
-0.02,0.99,0.02,3,2
-0.02,0.96,0,3,2
-0.02,0.98,0.02,3,2
-0.02,0.99,0.01,3,2
-0.02,1,0.01,3,2
-0.03,1,-0.02,3,2
-0.03,1,0,3,2
-0.01,0.98,0,3,2
-0.02,0.98,-0.01,3,2
-0.03,0.98,-0.01,3,2
-0.02,0.99,0,3,2
-0.03,0.99,0,3,2
-0.04,0.99,-0.02,3,2
-0.01,1,0.01,3,2
-0.01,0.99,0.01,3,2
-0.03,0.98,-0.01,3,2
-0.02,0.99,0,3,2
-0.02,0.99,0,3,2
-0.02,0.99,0,3,2
-0.02,0.98,0.01,3,2
-0.02,0.98,-0.01,3,2
-0.02,0.99,0.01,3,2
-0.02,0.99,0,3,2
-0.02,0.98,0.01,3,2
-0.02,0.98,-0.01,3,2
-0.02,0.99,-0.01,3,2
-0.03,0.99,-0.01,3,2
-0.02,0.98,-0.01,3,2
-0.03,0.98,0,3,2
-0.03,1.01,0.02,3,2
-0.03,0.98,-0.01,3,2
-0.03,1,0,3,2
-0.03,0.98,-0.02,3,2
-0.03,0.98,-0.02,3,2
-0.03,0.99,-0.01,3,2
-0.03,1,0.01,3,2
-0.02,0.99,0,3,2
-0.03,0.96,-0.04,3,2
-0.02,0.97,-0.02,3,2
-0.01,0.97,-0.02,3,2
-0.03,0.98,-0.01,3,2
-0.02,0.97,0,3,2
-0.02,0.99,0,3,2
-0.04,0.99,-0.03,3,2
-0.03,0.98,-0.02,3,2
-0.02,0.98,0,3,2
-0.02,0.98,-0.02,3,2
-0.03,0.97,-0.03,3,2
-0.03,0.97,-0.03,3,2
-0.03,0.98,-0.03,3,2
-0.03,0.99,-0.02,3,2
-0.03,0.98,-0.03,3,2
-0.03,0.98,-0.02,3,2
-0.04,0.98,-0.03,3,2
-0.03,0.98,-0.04,3,2
-0.03,0.99,-0.02,3,2
-0.02,0.99,-0.02,3,2
-0.03,0.98,-0.02,3,2
-0.03,0.98,-0.01,3,2
-0.03,1,-0.02,3,2
-0.04,0.98,-0.03,3,2
-0.04,0.98,-0.03,3,2
-0.02,0.99,-0.02,3,2
-0.03,0.98,-0.04,3,2
-0.04,0.98,-0.04,3,2
-0.02,0.99,-0.01,3,2
-0.01,0.98,-0.02,3,2
-0.04,0.99,-0.03,3,2
-0.03,0.98,-0.02,3,2
-0.03,0.99,-0.05,3,2
-0.03,1,-0.01,3,2
-0.02,0.98,-0.03,3,2
-0.02,0.98,-0.03,3,2
-0.02,0.98,-0.03,3,2
-0.04,0.97,-0.04,3,2
-0.03,0.98,-0.04,3,2
-0.02,0.99,-0.01,3,2
-0.02,1,0.01,3,2
-0.02,0.98,-0.01,3,2
-0.02,0.98,-0.02,3,2
-0.03,0.98,-0.02,3,2
-0.03,1,-0.01,3,2
-0.02,0.99,-0.02,3,2
-0.04,0.99,-0.04,3,2
-0.03,0.99,-0.03,3,2
-0.02,0.98,-0.02,3,2
-0.03,0.99,-0.03,3,2
-0.03,1,0,3,2
-0.01,0.99,-0.01,3,2
-0.03,0.98,-0.04,3,2
-0.02,1,-0.02,3,2
-0.01,0.98,-0.01,3,2
-0.01,0.99,-0.02,3,2
-0.01,0.97,-0.04,3,2
-0.02,0.98,-0.03,3,2
-0.02,0.98,-0.04,3,2
-0.02,0.97,-0.02,3,2
-0.02,0.99,-0.04,3,2
-0.06,1.01,-0.09,3,2
-0.05,0.99,-0.06,3,2
-0.02,0.98,-0.12,3,2
0,1.02,-0.08,3,2
-0.02,1.02,-0.11,3,2
0.09,1.06,-0.15,3,2
0.06,1.11,-0.07,5,4
0.02,0.98,-0.08,3,2
-0.01,0.99,0.16,3,2
-0.05,0.92,0.35,5,4
-0.05,0.77,0.51,5,4
-0.04,0.79,0.56,5,4
-0.03,0.79,0.58,5,4
-0.03,0.79,0.62,5,4
-0.03,0.76,0.62,5,4
-0.02,0.81,0.57,5,4
-0.02,0.84,0.55,5,4
-0.03,0.8,0.56,5,4
-0.03,0.8,0.57,5,4
-0.03,0.8,0.51,5,4
-0.03,0.82,0.52,5,4
-0.03,0.82,0.51,5,4
-0.02,0.81,0.56,5,4
-0.02,0.81,0.56,5,4
-0.02,0.8,0.54,5,4
-0.02,0.81,0.56,5,4
-0.03,0.81,0.56,5,4
-0.03,0.82,0.53,5,4
-0.03,0.81,0.52,5,4
-0.03,0.82,0.55,5,4
-0.02,0.82,0.53,5,4
-0.03,0.82,0.53,5,4
-0.02,0.82,0.53,5,4
-0.02,0.8,0.56,5,4
-0.02,0.8,0.59,5,4
-0.03,0.81,0.55,5,4
-0.03,0.77,0.55,5,4
-0.03,0.81,0.55,5,4
-0.04,0.8,0.6,5,4
-0.02,0.79,0.61,5,4
-0.03,0.77,0.59,5,4
-0.03,0.75,0.65,5,4
-0.03,0.74,0.65,5,4
-0.02,0.72,0.67,5,4
-0.03,0.73,0.65,5,4
-0.03,0.72,0.66,5,4
-0.02,0.64,0.74,5,4
-0.03,0.68,0.69,5,4
-0.02,0.64,0.79,5,4
-0.02,0.63,0.73,5,4
-0.02,0.62,0.79,5,4
-0.01,0.57,0.81,5,4
-0.01,0.55,0.83,5,4
-0.01,0.48,0.86,5,4
0,0.44,0.89,5,4
0.02,0.36,0.94,5,4
0.02,0.31,0.95,5,4
0.02,0.23,0.97,5,4
0.03,0.12,1,1,0
0.03,0.04,1.01,1,0
0.02,0,0.99,1,0
0.03,-0.05,0.98,1,0
0.01,-0.06,0.98,1,0
0.03,-0.04,1,1,0
0.03,-0.06,1,1,0
0.02,-0.06,0.99,1,0
0.05,-0.07,1,1,0
0.03,-0.05,0.97,1,0
0.03,-0.06,0.96,1,0
0.03,-0.08,0.99,1,0
0.03,-0.14,1,1,0
0.03,-0.22,0.96,5,4
0.04,-0.26,0.94,5,4
0.04,-0.3,0.95,5,4
0.04,-0.3,0.95,5,4
0.04,-0.34,0.97,5,4
0.05,-0.31,0.93,5,4
0.05,-0.34,0.91,5,4
0.04,-0.34,0.93,5,4
0.05,-0.36,0.91,5,4
0.05,-0.37,0.94,5,4
0.05,-0.39,0.91,5,4
0.05,-0.39,0.91,5,4
0.05,-0.39,0.9,5,4
0.05,-0.42,0.9,5,4
0.06,-0.41,0.89,5,4
0.05,-0.44,0.9,5,4
0.05,-0.44,0.89,5,4
0.06,-0.45,0.89,5,4
0.06,-0.45,0.88,5,4
0.05,-0.46,0.87,5,4
0.06,-0.48,0.86,5,4
0.06,-0.52,0.84,5,4
0.06,-0.53,0.85,5,4
0.07,-0.55,0.84,5,4
0.07,-0.58,0.84,5,4
0.07,-0.58,0.8,5,4
0.07,-0.59,0.8,5,4
0.07,-0.59,0.8,5,4
0.06,-0.6,0.81,5,4
0.06,-0.58,0.78,5,4
0.06,-0.62,0.78,5,4
0.06,-0.62,0.76,5,4
0.05,-0.63,0.77,5,4
0.05,-0.66,0.75,5,4
0.05,-0.67,0.74,5,4
0.06,-0.69,0.7,5,4
0.06,-0.69,0.68,5,4
0.05,-0.74,0.67,5,4
0.06,-0.76,0.65,5,4
0.05,-0.78,0.64,5,4
0.05,-0.81,0.61,5,4
0.05,-0.8,0.58,5,4
0.06,-0.8,0.52,5,4
0.06,-0.84,0.49,5,4
0.05,-0.88,0.43,5,4
0.06,-0.95,0.36,5,4
0.05,-0.97,0.31,5,4
0.05,-0.97,0.22,5,4
0.06,-1.02,0.08,3,2
0.05,-1,0,3,2
0.05,-1.02,-0.06,3,2
0.02,-1.01,-0.08,3,2
0.02,-1.01,-0.1,3,2
0.02,-0.99,-0.1,3,2
0.02,-1,-0.11,3,2
0.01,-1,-0.12,3,2
0.01,-0.99,-0.12,3,2
0.02,-0.99,-0.13,3,2
0.02,-1,-0.15,3,2
0.02,-1,-0.14,3,2
0.03,-1.02,-0.18,5,4
0.02,-1,-0.12,3,2
0.01,-0.99,-0.16,5,4
0.01,-1,-0.15,3,2
0,-0.97,-0.13,3,2
0.01,-1,-0.14,3,2
0.01,-0.99,-0.14,3,2
0.02,-0.99,-0.17,5,4
0.02,-1,-0.17,5,4
0.01,-1.01,-0.19,5,4
0.02,-0.99,-0.18,5,4
0.01,-0.99,-0.17,5,4
0,-1,-0.16,5,4
0,-1.01,-0.17,5,4
0.01,-0.98,-0.16,5,4
0.01,-1,-0.17,5,4
0,-0.99,-0.17,5,4
-0.01,-1,-0.16,5,4
0,-1,-0.17,5,4
0.01,-1,-0.16,5,4
0.01,-0.97,-0.19,5,4
0.01,-0.98,-0.17,5,4
0.03,-1,-0.17,5,4
0.01,-1.01,-0.16,5,4
0,-0.99,-0.15,3,2
0,-1,-0.16,3,2
0.01,-1,-0.16,5,4
0,-1.01,-0.17,5,4
0,-1,-0.16,5,4
0,-1.01,-0.15,3,2
0,-0.99,-0.18,5,4
0,-1,-0.19,5,4
0,-0.99,-0.18,5,4
0,-0.99,-0.19,5,4
0,-0.99,-0.2,5,4
0,-0.99,-0.19,5,4
0,-0.99,-0.2,5,4
-0.03,-0.99,-0.2,5,4
0.01,-0.99,-0.21,5,4
0.01,-0.99,-0.24,5,4
0.03,-0.94,-0.24,5,4
0.02,-0.96,-0.27,5,4
0.02,-0.98,-0.33,5,4
0.03,-0.98,-0.3,5,4
0.02,-0.96,-0.34,5,4
0.04,-0.96,-0.35,5,4
0.06,-0.93,-0.31,5,4
0.03,-0.98,-0.23,5,4
0.04,-1.01,-0.14,3,2
0.03,-1,-0.07,3,2
0.05,-1.01,-0.11,3,2
0.05,-1.01,-0.18,5,4
0.06,-1,-0.18,5,4
0.08,-0.97,-0.19,5,4
0.07,-0.99,-0.19,5,4
0.09,-1,-0.2,5,4
0.07,-0.98,-0.2,5,4
0.07,-0.97,-0.17,5,4
0.05,-0.98,-0.13,3,2
0.03,-1.02,-0.06,3,2
0.03,-1,-0.06,3,2
0.05,-1,-0.09,3,2
0.04,-1,-0.08,3,2
0.04,-1.02,-0.09,3,2
0.04,-0.99,-0.08,3,2
0.05,-1,-0.09,3,2
0.04,-1,-0.08,3,2
0.05,-0.99,-0.08,3,2
0.05,-1,-0.08,3,2
0.05,-1,-0.09,3,2
0.06,-0.99,-0.1,3,2
0.06,-1.02,-0.12,3,2
0.06,-1,-0.1,3,2
0.05,-0.99,-0.1,3,2
0.05,-1.02,-0.11,3,2
0.06,-0.99,-0.1,3,2
0.05,-1,-0.09,3,2
0.05,-1.01,-0.1,3,2
0.05,-0.99,-0.08,3,2
0.05,-0.99,-0.08,3,2
0.04,-1.01,-0.09,3,2
0.05,-1,-0.11,3,2
0.05,-0.99,-0.06,3,2
0.05,-1.01,-0.13,3,2
0.05,-1,-0.1,3,2
0.05,-1,-0.1,3,2
0.05,-1.01,-0.11,3,2
0.05,-1,-0.1,3,2
0.05,-0.99,-0.1,3,2
0.04,-1,-0.1,3,2
0.05,-0.99,-0.09,3,2
0.04,-1,-0.1,3,2
0.05,-1,-0.11,3,2
0.05,-1,-0.11,3,2
0.05,-1,-0.11,3,2
0.03,-1,-0.1,3,2
0.03,-1.01,-0.09,3,2
0.04,-1.02,-0.11,3,2
0.04,-1,-0.1,3,2
0.04,-0.99,-0.11,3,2
0.04,-1,-0.1,3,2
0.04,-0.99,-0.1,3,2
0.05,-1.01,-0.12,3,2
0.04,-1,-0.1,3,2
0.04,-1,-0.11,3,2
0.04,-1,-0.1,3,2
0.04,-1.01,-0.11,3,2
0.04,-0.99,-0.11,3,2
0.05,-1,-0.11,3,2
0.04,-1,-0.11,3,2
0.05,-0.99,-0.12,3,2
0.05,-0.99,-0.09,3,2
0.05,-0.99,-0.1,3,2
0.05,-1,-0.1,3,2
0.05,-1,-0.1,3,2
0.04,-1,-0.11,3,2
0.04,-1,-0.09,3,2
0.04,-1,-0.1,3,2
0.04,-1.01,-0.12,3,2
0.04,-1,-0.11,3,2
0.05,-1,-0.12,3,2
0.05,-0.98,-0.11,3,2
0.05,-1,-0.11,3,2
0.04,-0.99,-0.1,3,2
0.04,-1.01,-0.11,3,2
0.05,-1,-0.12,3,2
0.05,-0.98,-0.11,3,2
0.05,-0.98,-0.11,3,2
0.05,-1,-0.12,3,2
0.05,-0.99,-0.11,3,2
0.05,-0.99,-0.11,3,2
0.05,-0.99,-0.12,3,2
0.04,-1,-0.11,3,2
0.04,-1,-0.11,3,2
0.05,-1,-0.11,3,2
0.04,-1,-0.11,3,2
0.05,-0.99,-0.11,3,2
0.04,-0.99,-0.11,3,2
0.05,-1,-0.11,3,2
0.04,-1,-0.11,3,2
0.04,-0.99,-0.11,3,2
0.03,-0.99,-0.09,3,2
0.04,-0.99,-0.11,3,2
0.04,-0.99,-0.1,3,2
0.04,-1.01,-0.12,3,2
0.04,-1,-0.11,3,2
0.04,-0.99,-0.09,3,2
0.04,-1,-0.1,3,2
0.03,-1,-0.11,3,2
0.04,-1,-0.12,3,2
0.04,-1,-0.09,3,2
0.04,-1,-0.11,3,2
0.04,-1,-0.12,3,2
0.04,-1,-0.11,3,2
0.04,-1,-0.11,3,2
0.04,-1,-0.12,3,2
0.04,-1,-0.11,3,2
0.04,-0.99,-0.1,3,2
0.04,-1,-0.09,3,2
0.04,-1,-0.08,3,2
0.04,-1,-0.08,3,2
0.03,-1.01,-0.07,3,2
0.04,-1,-0.07,3,2
0.04,-1,-0.04,3,2
0.03,-1.01,-0.03,3,2
0.02,-1.01,-0.02,3,2
0.03,-1.01,-0.02,3,2
0.03,-1.01,-0.01,3,2
0.03,-1,-0.02,3,2
0.03,-1,-0.02,3,2
0.04,-0.94,-0.05,3,2
0.02,-1,-0.09,3,2
0.02,-1,-0.14,3,2
0.02,-1,-0.17,5,4
0.03,-0.99,-0.2,5,4
0.01,-0.98,-0.21,5,4
0.05,-0.96,-0.3,5,4
0.04,-0.97,-0.27,5,4
0.03,-0.94,-0.27,5,4
0.03,-0.98,-0.31,5,4
0.03,-0.97,-0.33,5,4
0,-0.97,-0.28,5,4
0.07,-0.95,-0.34,5,4
0.05,-0.97,-0.33,5,4
0.05,-0.95,-0.33,5,4
0.05,-0.93,-0.31,5,4
0.04,-0.95,-0.33,5,4
0.03,-0.96,-0.33,5,4
0.05,-0.94,-0.37,5,4
0.02,-0.99,-0.41,5,4
0,-0.91,-0.4,5,4
0,-0.95,-0.41,5,4
0,-0.94,-0.42,5,4
0.01,-0.89,-0.44,5,4
0.01,-0.86,-0.47,5,4
0.02,-0.84,-0.55,5,4
0.01,-0.81,-0.64,5,4
0,-0.78,-0.67,5,4
0.03,-0.78,-0.64,5,4
0.01,-0.73,-0.69,5,4
-0.06,-0.63,-0.75,5,4
-0.02,-0.66,-0.75,5,4
-0.04,-0.61,-0.8,5,4
-0.04,-0.6,-0.83,5,4
-0.03,-0.57,-0.82,5,4
-0.03,-0.56,-0.85,5,4
0,-0.55,-0.87,5,4
-0.03,-0.51,-0.9,5,4
-0.02,-0.49,-0.89,5,4
-0.03,-0.46,-0.91,5,4
-0.03,-0.46,-0.9,5,4
-0.03,-0.47,-0.93,5,4
-0.03,-0.45,-0.92,5,4
-0.03,-0.44,-0.93,5,4
-0.03,-0.43,-0.92,5,4
-0.04,-0.42,-0.93,5,4
-0.03,-0.4,-0.94,5,4
-0.03,-0.42,-0.91,5,4
-0.02,-0.4,-0.93,5,4
-0.02,-0.38,-0.96,5,4
-0.02,-0.36,-0.96,5,4
-0.02,-0.36,-0.94,5,4
-0.02,-0.3,-0.98,5,4
-0.02,-0.23,-1,5,4
-0.02,-0.2,-1.01,5,4
-0.02,-0.17,-1.01,2,1
-0.03,-0.09,-1.01,2,1
-0.02,-0.03,-1.03,2,1
-0.03,-0.01,-1.02,2,1
-0.02,0.02,-1.02,2,1
-0.02,0.07,-1.02,2,1
-0.01,0.11,-1.02,2,1
-0.02,0.12,-1.02,2,1
-0.02,0.14,-1,2,1
-0.02,0.2,-1.01,5,4
-0.01,0.24,-0.99,5,4
-0.01,0.3,-0.98,5,4
0,0.39,-0.95,5,4
0.02,0.46,-0.91,5,4
0.01,0.45,-0.91,5,4
0.01,0.4,-0.93,5,4
0.01,0.4,-0.92,5,4
0.01,0.4,-0.93,5,4
0,0.4,-0.94,5,4
-0.01,0.37,-0.93,5,4
0,0.38,-0.95,5,4
0,0.4,-0.92,5,4
0,0.39,-0.93,5,4
0,0.42,-0.93,5,4
0,0.4,-0.93,5,4
0,0.41,-0.93,5,4
0,0.39,-0.93,5,4
0,0.36,-0.95,5,4
-0.01,0.31,-0.97,5,4
-0.01,0.29,-0.97,5,4
-0.01,0.27,-0.98,5,4
-0.01,0.25,-0.99,5,4
-0.01,0.21,-0.99,5,4
-0.01,0.15,-1.01,2,1
-0.01,0.14,-1.01,2,1
-0.01,0.13,-1.02,2,1
-0.01,0.11,-1.02,2,1
-0.02,0.11,-1.02,2,1
-0.01,0.1,-1,2,1
-0.01,0.11,-1.03,2,1
-0.01,0.1,-1.01,2,1
-0.02,0.09,-1.03,2,1
-0.03,0.07,-1,2,1
-0.03,0.06,-1.01,2,1
-0.03,0.07,-1.01,2,1
-0.03,0.05,-1.02,2,1
-0.03,0.06,-1.03,2,1
-0.03,0.04,-1.01,2,1
-0.03,0.05,-1.02,2,1
-0.04,0.06,-1,2,1
-0.04,0.06,-1.02,2,1
-0.03,0.05,-1.02,2,1
-0.04,0.04,-1.01,2,1
-0.03,0.05,-1.01,2,1
-0.03,0.06,-1.02,2,1
-0.03,0.06,-1.02,2,1
-0.03,0.06,-1.02,2,1
-0.03,0.04,-1.01,2,1
-0.03,0.05,-1.02,2,1
-0.03,0.05,-1.02,2,1
-0.03,0.04,-1.01,2,1
-0.03,0.06,-1.03,2,1
-0.03,0.04,-1.01,2,1
-0.03,0.04,-1.02,2,1
-0.03,0.03,-1.01,2,1
-0.03,0.05,-1.01,2,1
-0.03,0.05,-1.02,2,1
-0.02,0.04,-1.02,2,1
-0.03,0.03,-1.01,2,1
-0.02,0.04,-1.02,2,1
-0.02,0.05,-1.02,2,1
-0.02,0.04,-1.03,2,1
-0.02,0.03,-1.02,2,1
-0.03,0.04,-1.02,2,1
-0.03,0.04,-1.02,2,1
-0.03,0.03,-1.02,2,1
-0.03,0.03,-1.02,2,1
-0.04,0.03,-1,2,1
-0.03,0.03,-1.01,2,1
-0.03,0.02,-1.02,2,1
-0.03,0.03,-1.02,2,1
-0.03,0.03,-1.02,2,1
-0.03,0.02,-1.02,2,1
-0.03,0.02,-1.02,2,1
-0.02,0.02,-1.02,2,1
-0.03,0.02,-1.02,2,1
-0.03,0.01,-1.02,2,1
-0.03,0.01,-1.01,2,1
-0.03,0.02,-1.02,2,1
-0.03,0.02,-1.02,2,1
-0.03,0.01,-1.02,2,1
-0.03,0.02,-1.02,2,1
-0.03,0.01,-1.02,2,1
-0.03,0.01,-1.02,2,1
-0.03,0.02,-1.02,2,1
-0.03,0,-1.02,2,1
-0.03,0.01,-1.02,2,1
-0.03,0.01,-1.02,2,1
-0.03,0,-1.02,2,1
-0.03,0,-1.02,2,1
-0.03,0.01,-1.02,2,1
-0.03,0,-1.02,2,1
-0.03,0,-1.02,2,1
-0.03,-0.02,-1.03,2,1
-0.03,-0.03,-1.02,2,1
-0.03,-0.07,-1.02,2,1
-0.03,-0.12,-1.02,2,1
-0.02,-0.19,-1.01,5,4
0.07,-0.28,-1.01,5,4
0.05,-0.49,-0.88,5,4
0.09,-0.66,-0.84,5,4
0.07,-0.71,-0.76,5,4
0.05,-0.79,-0.62,5,4
0.02,-0.87,-0.49,5,4
0,-0.91,-0.44,5,4
0.01,-0.93,-0.41,5,4
0.01,-0.96,-0.29,5,4
-0.01,-0.96,0.09,3,2
-0.01,-1,0.19,5,4
-0.02,-0.95,0.27,5,4
-0.04,-0.94,0.39,5,4
0.05,-0.73,0.54,5,4
-0.04,-0.76,0.69,5,4
-0.03,-0.55,0.82,5,4
-0.03,-0.42,0.91,5,4
-0.03,-0.23,0.97,5,4
-0.02,-0.04,0.98,1,0
-0.01,0.11,0.99,1,0
-0.01,0.15,0.98,1,0
-0.01,0.15,0.97,1,0
-0.01,0.17,0.97,5,4
-0.02,0.16,0.96,1,0
-0.06,0.09,0.99,1,0
-0.23,0.01,0.96,1,0
-0.3,0.01,0.95,1,0
-0.39,0,0.91,1,0
-0.42,0.01,0.87,1,0
-0.5,0.03,0.86,1,0
-0.55,-0.01,0.84,1,0
-0.61,-0.02,0.75,1,0
-0.67,-0.07,0.7,1,0
-0.78,-0.09,0.59,1,0
-0.86,-0.12,0.49,5,4
-0.9,-0.15,0.38,5,4
-0.95,-0.13,0.31,5,4
-0.96,-0.08,0.2,5,4
-0.91,-0.04,0.16,5,4
-0.94,-0.04,0.11,5,4
-0.97,-0.03,0.08,5,4
-0.99,-0.04,-0.05,5,4
-0.96,-0.02,-0.17,2,1
-0.94,-0.01,-0.23,2,1
-0.95,-0.02,-0.2,2,1
-0.96,-0.02,-0.21,2,1
-0.97,-0.01,-0.19,2,1
-0.97,0,-0.18,2,1
-0.97,0,-0.17,2,1
-0.97,0.01,-0.17,2,1
-0.96,0.01,-0.17,2,1
-0.97,0,-0.16,2,1
-0.97,-0.02,0.03,5,4
-0.98,-0.03,0.15,5,4
-0.88,-0.08,0.41,5,4
-0.72,-0.05,0.61,1,0
-0.64,0.01,0.75,1,0
-0.58,0.02,0.81,1,0
-0.49,0.01,0.89,1,0
-0.4,0.03,0.9,1,0
-0.32,0.02,0.97,1,0
-0.03,0.04,1.03,1,0
0.23,-0.04,0.92,1,0
0.45,0,0.86,1,0
0.58,-0.03,0.76,1,0
0.83,0.07,0.7,1,0
0.84,0.06,0.5,1,0
0.8,-0.05,0.46,1,0
0.96,0.05,0.42,1,0
0.93,0.08,0.33,5,4
0.94,0.03,0.33,1,0
0.96,0.03,0.29,1,0
0.98,0,0.24,1,0
1,-0.02,0.15,1,0
1.02,0,0.03,1,0
1.01,-0.07,-0.11,5,4
1,-0.03,-0.14,5,4
1.02,-0.02,-0.08,5,4
0.99,-0.05,-0.06,5,4
1.01,-0.06,-0.04,5,4
1.02,-0.08,-0.07,5,4
1.02,-0.09,-0.08,5,4
1.01,-0.13,-0.07,5,4
1,-0.11,-0.05,5,4
1,-0.1,-0.04,5,4
1.01,-0.09,-0.05,5,4
1.02,-0.11,-0.06,5,4
0.99,-0.13,-0.04,5,4
1,-0.1,-0.02,5,4
1,-0.1,-0.03,5,4
1,-0.08,-0.08,5,4
1.02,-0.08,-0.11,5,4
0.96,-0.1,-0.18,5,4
0.99,-0.1,-0.19,5,4
1.03,-0.09,-0.17,5,4
0.95,-0.09,0.01,4,3
0.98,-0.08,0.13,4,3
1.01,-0.04,0.14,4,3
0.96,-0.04,0.2,5,4
0.95,-0.08,0.31,5,4
0.9,-0.08,0.43,5,4
0.94,-0.07,0.33,5,4
0.96,-0.04,0.23,1,0
0.92,-0.07,0.36,5,4
0.92,-0.07,0.4,1,0
0.93,-0.03,0.37,1,0
0.88,-0.05,0.47,1,0
0.78,-0.04,0.61,1,0
0.61,-0.04,0.76,1,0
0.33,-0.05,0.97,1,0
-0.12,-0.06,1.01,1,0
-0.53,-0.18,0.85,5,4
-0.78,-0.1,0.49,5,4
-0.96,-0.12,0.24,5,4
-1.02,-0.18,0.03,5,4
-0.95,-0.1,-0.12,5,4
-0.9,0,-0.17,2,1
-1,-0.09,-0.26,5,4
-0.97,-0.05,-0.19,5,4
-0.88,-0.17,-0.19,5,4
-0.86,-0.07,-0.17,5,4
-1.04,-0.03,-0.09,5,4
-0.83,-0.72,-0.05,3,2
-0.97,-0.23,-0.17,5,4
-0.96,-0.13,-0.19,5,4
-0.92,-0.03,-0.2,2,1
-1,-0.01,-0.32,2,1
-0.99,0.05,-0.3,2,1
-1.08,-0.01,-0.15,2,1
-0.92,0.05,-0.11,5,4
-0.97,-0.02,-0.12,2,1
-0.96,0.03,-0.05,5,4
-0.96,0.01,-0.11,2,1
-0.98,-0.02,-0.1,5,4
-0.98,-0.02,-0.1,5,4
-0.97,-0.01,-0.1,2,1
-0.97,-0.02,-0.08,5,4
-0.98,-0.09,-0.02,5,4
-0.94,-0.09,0.07,5,4
-0.96,-0.18,0.16,5,4
-0.94,0.08,0.02,5,4
-0.99,0.02,0.07,5,4
-0.98,0,0.08,1,0
-0.96,0.04,-0.01,5,4
-0.95,-0.01,-0.04,5,4
-0.97,-0.01,-0.24,2,1
-0.88,-0.09,-0.5,5,4
-0.79,-0.04,-0.64,2,1
-0.66,-0.05,-0.71,2,1
-0.61,-0.08,-0.79,2,1
-0.54,-0.15,-0.83,2,1
-0.43,-0.13,-0.87,2,1
-0.4,-0.25,-0.88,5,4
-0.31,-0.18,-0.97,5,4
-0.25,-0.19,-0.99,5,4
-0.34,-0.17,-0.95,2,1
-0.37,-0.14,-0.94,2,1
-0.51,-0.17,-0.92,5,4
-0.76,-0.12,-0.59,5,4
-0.89,-0.08,-0.33,5,4
-0.97,-0.2,-0.18,5,4
-1.01,-0.13,-0.23,5,4
-0.88,-0.04,0.15,5,4
-0.95,-0.08,0.01,5,4
-0.99,-0.2,0.07,5,4
-0.9,-0.17,0.47,5,4
-0.77,-0.19,0.54,5,4
-0.69,-0.11,0.66,1,0
-0.56,-0.03,0.82,1,0
-0.38,0.02,0.88,1,0
-0.27,-0.03,0.97,1,0
-0.13,-0.04,0.99,1,0
-0.03,-0.06,0.99,1,0
-0.01,-0.05,0.98,1,0
-0.03,-0.05,0.98,1,0
-0.05,0.13,0.98,1,0
-0.09,0.56,0.82,5,4
-0.12,0.86,0.51,5,4
-0.1,0.92,0.32,5,4
-0.11,0.96,0.21,5,4
-0.09,0.95,0.17,5,4
-0.07,0.96,0.13,3,2
-0.09,0.98,0.14,3,2
-0.07,0.97,0.09,3,2
-0.08,0.98,0.09,3,2
-0.08,0.97,0.09,3,2
-0.08,0.97,0.08,3,2
-0.08,0.98,0.08,3,2
-0.08,0.97,0.06,3,2
-0.08,0.97,0.06,3,2
-0.07,0.98,0.07,3,2
-0.09,0.98,0.1,3,2
-0.07,0.95,0.12,3,2
-0.08,0.96,0.19,5,4
-0.1,0.94,0.25,5,4
-0.09,0.92,0.33,5,4
-0.06,0.81,0.55,5,4
-0.1,0.69,0.69,5,4
-0.15,0.34,0.88,5,4
-0.44,0.02,0.88,1,0
-0.58,-0.05,0.79,1,0
-0.65,-0.04,0.73,1,0
-0.7,-0.05,0.69,1,0
-0.8,0.01,0.56,1,0
-0.81,0.03,0.57,1,0
-0.78,-0.01,0.58,1,0
-0.8,-0.04,0.55,1,0
-0.85,-0.05,0.5,1,0
-0.91,-0.11,0.4,5,4
-0.93,-0.11,0.32,5,4
-0.95,-0.12,0.25,5,4
-0.95,-0.08,0.17,5,4
-0.98,-0.1,0.06,5,4
-0.98,-0.07,-0.03,5,4
-0.98,-0.07,-0.06,5,4
-0.97,-0.04,-0.12,5,4
-0.97,-0.04,-0.15,5,4
-0.97,-0.05,-0.17,5,4
-0.98,-0.05,-0.16,5,4
-0.96,-0.06,-0.11,5,4
-1.01,-0.14,-0.05,5,4
-0.98,-0.07,0.05,5,4
-0.97,0.01,0.1,1,0
-0.97,-0.15,0.14,5,4
-0.96,-0.13,0.15,5,4
-0.98,-0.06,0.08,5,4
-0.98,-0.1,0.07,5,4
-0.97,-0.06,0.05,5,4
-0.98,-0.07,0.07,5,4
-0.98,-0.08,0.07,5,4
-0.97,-0.11,0.12,5,4
-0.94,-0.13,0.32,5,4
-0.87,-0.07,0.52,1,0
-0.71,-0.05,0.73,1,0
-0.49,0.08,0.85,1,0
-0.11,-0.08,0.98,1,0
0.07,-0.08,1.03,1,0
0.34,0.14,0.87,1,0
0.59,0.15,0.74,5,4
0.87,-0.08,0.51,1,0
0.99,0.06,0.23,5,4
0.95,0.08,0.17,5,4
0.88,0.08,0.2,5,4
0.91,0.03,0.07,4,3
1.09,-0.16,-0.08,5,4
1.07,-0.09,-0.03,5,4
0.98,0,0.08,1,0
0.99,-0.09,0,3,2
1.01,-0.07,-0.02,5,4
1.06,-0.1,-0.07,5,4
0.98,-0.14,0.01,4,3
0.99,-0.23,0.01,4,3
1,-0.21,-0.02,3,2
0.96,-0.19,0,4,3
1.01,-0.21,-0.02,3,2
0.97,-0.22,0.01,4,3
1,-0.23,0,3,2
0.98,-0.22,0,4,3
0.97,-0.22,0.01,4,3
0.99,-0.23,0,4,3
0.98,-0.24,0,4,3
0.98,-0.23,0,4,3
0.99,-0.24,-0.01,3,2
0.98,-0.23,0,3,2
1,-0.23,0,3,2
1,-0.23,-0.01,3,2
1.03,-0.23,-0.03,3,2
0.98,-0.21,-0.02,3,2
1.01,-0.21,-0.02,3,2
0.98,-0.2,0,3,2
0.99,-0.21,-0.02,3,2
0.99,-0.22,-0.01,3,2
0.99,-0.21,-0.02,3,2
1,-0.21,-0.01,3,2
0.99,-0.21,0.01,4,3
0.98,-0.21,0.01,4,3
0.99,-0.21,0.01,4,3
0.99,-0.2,0.01,4,3
1,-0.21,0,3,2
1,-0.21,0,4,3
0.99,-0.2,0,4,3
0.99,-0.2,0,4,3
0.99,-0.2,0,4,3
0.99,-0.17,0,3,2
1,-0.13,-0.02,5,4
1.01,-0.11,-0.02,5,4
1.01,-0.1,-0.02,5,4
1,-0.1,-0.01,3,2
1.01,-0.1,-0.01,3,2
1.01,-0.09,-0.02,5,4
1.01,-0.1,-0.01,3,2
1,-0.11,0,4,3
1,-0.12,0,4,3
1,-0.15,0.02,4,3
1,-0.12,0.01,4,3
1,-0.12,0.01,4,3
1,-0.12,0.01,4,3
1,-0.12,0.01,4,3
1,-0.11,0.01,4,3
1,-0.11,0,4,3
1,-0.12,0,4,3
1,-0.11,0,4,3
1,-0.11,0.01,4,3
1,-0.1,0,4,3
1.01,-0.11,-0.01,3,2
1,-0.1,0.01,4,3
1,-0.1,0,4,3
1,-0.1,0.01,4,3
1,-0.1,0,3,2
1,-0.09,0,4,3
1,-0.09,0,4,3
1,-0.09,0,4,3
1.01,-0.09,0,4,3
1,-0.09,0,4,3
1,-0.08,0,3,2
1,-0.09,0.01,4,3
1,-0.08,0.01,4,3
1.02,-0.09,0,4,3
1,-0.1,0.02,4,3
1.01,-0.1,0,4,3
1.01,-0.09,0,3,2
1.01,-0.09,0,4,3
1.01,-0.09,0,4,3
1.02,-0.06,0,3,2
1.01,-0.05,0,3,2
1,-0.05,0,4,3
0.99,-0.05,0,4,3
1.01,-0.05,-0.01,5,4
1.01,-0.07,-0.01,5,4
1.01,-0.06,-0.02,5,4
1,-0.06,-0.03,5,4
1.01,-0.08,-0.03,5,4
1.01,-0.08,-0.03,5,4
1.01,-0.06,-0.02,5,4
1,-0.07,0,3,2
0.99,-0.09,0.03,4,3
1.01,-0.09,0.03,4,3
1,-0.09,0.04,4,3
0.99,-0.08,0.04,4,3
1,-0.07,0.03,4,3
1.01,-0.08,0.03,4,3
1.01,-0.07,0.02,4,3
1,-0.08,0.03,4,3
1.02,-0.08,0.02,4,3
1.01,-0.08,0.02,4,3
1,-0.06,0.02,4,3
1,-0.07,0.02,4,3
1,-0.08,0.03,4,3
1,-0.08,0.02,4,3
1.01,-0.07,0.02,4,3
1,-0.08,0.02,4,3
1.01,-0.07,0.02,4,3
0.99,-0.06,0.03,4,3
1.01,-0.07,0.02,4,3
1,-0.07,0.03,4,3
1,-0.07,0.02,4,3
1,-0.08,0.03,4,3
1,-0.08,0.03,4,3
1.01,-0.07,0.02,4,3
1,-0.07,0.03,4,3
1,-0.06,0.03,4,3
1.01,-0.05,0.02,4,3
1,-0.07,0.03,4,3
1,-0.06,0.02,4,3
1,-0.07,0.02,4,3
1.01,-0.07,0.02,4,3
1.01,-0.07,0.02,4,3
1,-0.06,0.02,4,3
1.02,-0.06,0.01,4,3
1.01,-0.06,0.02,4,3
1,-0.06,0.03,4,3
1,-0.07,0.02,4,3
1,-0.06,0.02,4,3
1,-0.06,0.02,4,3
1,-0.06,0.03,4,3
1,-0.07,0.01,4,3
1,-0.07,0.02,4,3
1.02,-0.07,0.01,4,3
1,-0.08,0.02,4,3
1.01,-0.08,0.03,4,3
0.99,-0.07,0.03,4,3
1.01,-0.07,0.02,4,3
1.01,-0.07,0.02,4,3
1,-0.07,0.02,4,3
0.99,-0.07,0.02,4,3
1,-0.07,0.02,4,3
1.01,-0.07,0.01,4,3
1.02,-0.08,0,4,3
1.01,-0.06,0.01,4,3
1.01,-0.06,0.01,4,3
1,-0.06,0.01,4,3
1,-0.06,0.01,4,3
1,-0.07,0.02,4,3
1.01,-0.06,0.01,4,3
1,-0.06,0.01,4,3
1,-0.08,0.02,4,3
1,-0.08,0.02,4,3
0.99,-0.08,0.03,4,3
1.01,-0.08,0.01,4,3
1,-0.08,0.02,4,3
0.99,-0.06,0.02,4,3
1.01,-0.07,0.01,4,3
1.01,-0.07,0.02,4,3
1,-0.06,0.02,4,3
1,-0.06,0.01,4,3
0.99,-0.06,0.02,4,3
0.97,-0.05,0.02,4,3
1.01,-0.06,0.01,4,3
1.02,-0.07,0.01,4,3
1,-0.05,0.02,4,3
1.03,-0.06,0,3,2
1.01,-0.07,0.01,4,3
1,-0.09,0.03,4,3
1.02,-0.06,0.01,4,3
1,-0.07,0.02,4,3
1,-0.07,0.02,4,3
1.01,-0.08,0.02,4,3
1.02,-0.08,0.02,4,3
1.01,-0.08,0.02,4,3
1.01,-0.07,0.02,4,3
1,-0.08,0.02,4,3
1,-0.07,0.02,4,3
1,-0.08,0.03,4,3
1,-0.08,0.03,4,3
0.99,-0.08,0.03,4,3
1,-0.08,0.03,4,3
1,-0.05,0.02,4,3
1.01,-0.07,0.01,4,3
1.01,-0.07,0.01,4,3
1,-0.08,0.02,4,3
1.01,-0.08,0.02,4,3
1,-0.07,0.02,4,3
1,-0.07,0.02,4,3
1,-0.07,0.02,4,3
1,-0.08,0.03,4,3
1,-0.07,0.02,4,3
1,-0.07,0.01,4,3
1.01,-0.07,0.02,4,3
1.01,-0.08,0.02,4,3
1,-0.07,0.02,4,3
1.01,-0.08,0.01,4,3
1.01,-0.08,0.01,4,3
1,-0.08,0.02,4,3
1,-0.08,0.02,4,3
1,-0.07,0.01,4,3
1,-0.07,0.02,4,3
1.01,-0.08,0.01,4,3
1.01,-0.08,0.02,4,3
1.01,-0.08,0.02,4,3
1.01,-0.08,0.01,4,3
1.01,-0.08,0.02,4,3
1.01,-0.07,0.01,4,3
1,-0.08,0.02,4,3
1.01,-0.08,0.03,4,3
1,-0.07,0.02,4,3
1.01,-0.09,0.02,4,3
1,-0.08,0.02,4,3
1,-0.07,0.02,4,3
1,-0.07,0.02,4,3
1,-0.07,0.02,4,3
1,-0.06,0.01,4,3
1,-0.07,0.02,4,3
1,-0.07,0.01,4,3
1.01,-0.07,0.01,4,3
1,-0.07,0.02,4,3
1.03,-0.07,0,3,2
1,-0.07,0.01,4,3
0.99,-0.08,0.02,4,3
1.01,-0.09,0.01,4,3
1.01,-0.08,0.02,4,3
1,-0.08,0.01,4,3
1,-0.08,0.02,4,3
1.01,-0.08,0.01,4,3
0.99,-0.08,0.02,4,3
1.01,-0.08,0.01,4,3
1.01,-0.07,0.01,4,3
1,-0.07,0.01,4,3
1.01,-0.08,0.01,4,3
1.01,-0.07,0.01,4,3
1.02,-0.07,0.01,4,3
1.02,-0.09,0.01,4,3
1,-0.08,0.02,4,3
1.01,-0.08,0.01,4,3
1,-0.08,0.01,4,3
1,-0.08,0.02,4,3
1.01,-0.08,0.01,4,3
1,-0.08,0.01,4,3
1.01,-0.08,0.01,4,3
1.02,-0.08,0.01,4,3
1,-0.08,0.01,4,3
1,-0.08,0.01,4,3
1,-0.08,0.01,4,3
1.01,-0.09,0.02,4,3
1.01,-0.07,0.01,4,3
1,-0.08,0.02,4,3
1.01,-0.07,0.01,4,3
1,-0.07,0.01,4,3
1,-0.08,0.02,4,3
1,-0.08,0.02,4,3
1.01,-0.07,0,4,3
1,-0.08,0.01,4,3
1,-0.08,0.01,4,3
1,-0.09,0.01,4,3
1,-0.08,0.01,4,3
1.01,-0.07,0.01,4,3
1,-0.08,0.01,4,3
1,-0.08,0.01,4,3
0.99,-0.09,0.02,4,3
1.01,-0.08,0.01,4,3
1,-0.07,0.01,4,3
1,-0.07,0.01,4,3
1.01,-0.07,0,4,3
1,-0.07,0.01,4,3
1,-0.06,0.01,4,3
1.01,-0.07,0,4,3
1,-0.08,0.02,4,3
1,-0.08,0.02,4,3
1,-0.07,0.02,4,3
1,-0.07,0.01,4,3
1,-0.08,0.01,4,3
1.01,-0.08,0,4,3
1.01,-0.08,0.01,4,3
1,-0.08,0.01,4,3
1,-0.08,0.01,4,3
1.01,-0.09,0.01,4,3
1.01,-0.08,0.01,4,3
1,-0.09,0.01,4,3
1,-0.07,0.01,4,3
1,-0.06,0,4,3
1,-0.07,0.01,4,3
1,-0.06,0.01,4,3
1,-0.06,0,4,3
1,-0.07,0.01,4,3
0.99,-0.09,0,4,3
1,-0.08,-0.01,3,2
1,-0.08,0,3,2
1,-0.08,0,3,2
1.01,-0.08,-0.01,3,2
1,-0.08,0,3,2
1,-0.07,0,3,2
1.01,-0.08,-0.01,3,2
1,-0.07,0,3,2
1,-0.07,-0.01,3,2
1,-0.07,-0.01,5,4
1,-0.08,-0.02,5,4
1.01,-0.07,-0.03,5,4
1,-0.08,-0.03,5,4
1.01,-0.09,-0.04,5,4
1.01,-0.09,-0.04,5,4
1,-0.07,-0.04,5,4
1,-0.07,-0.05,5,4
1,-0.08,-0.04,5,4
1,-0.07,-0.04,5,4
1.01,-0.07,-0.05,5,4
1.01,-0.08,-0.04,5,4
1,-0.07,-0.04,5,4
1,-0.07,-0.05,5,4
1,-0.08,-0.03,5,4
0.99,-0.07,-0.03,5,4
1.01,-0.08,-0.02,5,4
0.99,-0.09,0,4,3
1,-0.09,0.02,4,3
1,-0.1,0.03,4,3
1,-0.09,0.04,4,3
1.02,-0.09,0.03,4,3
1.01,-0.09,0.02,4,3
1.01,-0.09,0.02,4,3
1.01,-0.07,0.02,4,3
1,-0.08,0.03,4,3
1.01,-0.09,0.03,4,3
1,-0.08,0.03,4,3
1.01,-0.08,0.02,4,3
1.01,-0.12,0.02,4,3
1,-0.09,0.03,4,3
1,-0.09,0.01,4,3
1.01,-0.09,0.02,4,3
1.01,-0.09,0.01,4,3
1,-0.08,0.02,4,3
1.01,-0.09,0.01,4,3
1,-0.09,0.01,4,3
1,-0.08,0.02,4,3
1,-0.08,0.01,4,3
1,-0.09,0.02,4,3
1,-0.07,0.02,4,3
1,-0.08,0.01,4,3
1,-0.09,0.02,4,3
1.01,-0.1,0.02,4,3
1.02,-0.08,0.01,4,3
0.99,-0.1,0.02,4,3
1.01,-0.09,0.02,4,3
1,-0.09,0.02,4,3
1,-0.08,0.02,4,3
1,-0.09,0.01,4,3
1,-0.09,0.02,4,3
1,-0.11,0.02,4,3
1.01,-0.11,0.03,4,3
0.99,-0.07,0.01,4,3
1.02,-0.08,0.01,4,3
0.99,-0.06,0.02,4,3
1,-0.1,0.03,4,3
0.97,-0.09,0.03,4,3
1,-0.1,0.02,4,3
1.03,-0.07,-0.01,3,2
1,-0.09,0.02,4,3
1,-0.12,0.02,4,3
1,-0.1,0.01,4,3
1,-0.07,0,4,3
1.02,-0.09,-0.01,3,2
1.01,-0.09,0,4,3
1,-0.11,0.03,4,3
1.01,-0.09,0,4,3
0.99,-0.08,0,4,3
1,-0.11,0.02,4,3
1,-0.09,0,4,3
1.01,-0.1,-0.02,3,2
1.01,-0.12,-0.01,3,2
1.01,-0.1,-0.02,3,2
1,-0.1,0,3,2
0.99,-0.11,0,3,2
1.01,-0.1,-0.02,5,4
1,-0.09,-0.02,5,4
1,-0.09,-0.03,5,4
1.01,-0.09,-0.03,5,4
1.02,-0.09,-0.04,5,4
1.01,-0.1,-0.04,5,4
1.02,-0.1,-0.04,5,4
1.01,-0.1,-0.04,5,4
1.01,-0.1,-0.03,5,4
1.01,-0.11,-0.04,5,4
1.01,-0.09,-0.04,5,4
1,-0.1,-0.04,5,4
1,-0.1,-0.04,5,4
1.01,-0.1,-0.04,5,4
1.01,-0.1,-0.04,5,4
1.01,-0.09,-0.04,5,4
1,-0.09,-0.04,5,4
1,-0.11,-0.04,5,4
1.01,-0.09,-0.05,5,4
1.01,-0.09,-0.05,5,4
1.01,-0.1,-0.04,5,4
1.01,-0.09,-0.05,5,4
1.01,-0.09,-0.04,5,4
1.01,-0.1,-0.04,5,4
1,-0.1,-0.04,5,4
1.01,-0.1,-0.04,5,4
1.01,-0.1,-0.04,5,4
1,-0.1,-0.04,5,4
0.98,-0.09,-0.04,5,4
1.01,-0.12,-0.07,5,4
1,-0.12,-0.06,5,4
1,-0.11,-0.05,5,4
1,-0.11,-0.02,3,2
1,-0.11,0,4,3
0.99,-0.11,0.01,4,3
1,-0.11,0,4,3
1,-0.11,-0.01,3,2
1,-0.11,0,3,2
1,-0.12,0,3,2
1,-0.12,0,4,3
1,-0.12,0,4,3
1,-0.12,0.01,4,3
1,-0.11,0,4,3
1,-0.11,0,4,3
1.02,-0.1,-0.01,3,2
1,-0.11,0,3,2
1.01,-0.11,0,3,2
0.99,-0.11,0,4,3
1,-0.12,0,4,3
0.99,-0.11,0.01,4,3
0.99,-0.11,0.01,4,3
1,-0.12,0.01,4,3
1,-0.13,0.02,4,3
0.99,-0.12,0.02,4,3
1.01,-0.13,0.02,4,3
1.01,-0.13,0.01,4,3
0.99,-0.13,0.03,4,3
0.99,-0.12,0.02,4,3
1,-0.13,0.02,4,3
0.99,-0.13,0.03,4,3
1.01,-0.13,0.01,4,3
1.01,-0.11,0.01,4,3
1,-0.12,0.02,4,3
1.03,-0.09,0,4,3
1,-0.12,0.02,4,3
1,-0.12,0.02,4,3
1,-0.12,0.02,4,3
1,-0.13,0.02,4,3
1,-0.11,0.02,4,3
1,-0.11,0.01,4,3
1,-0.12,0.02,4,3
1,-0.12,0.01,4,3
1,-0.13,0.02,4,3
1.01,-0.12,0.01,4,3
1.01,-0.11,0.01,4,3
1.02,-0.11,0.01,4,3
1.01,-0.12,0.02,4,3
1.01,-0.11,0.01,4,3
1,-0.12,0.02,4,3
0.99,-0.12,0.02,4,3
1,-0.11,0.01,4,3
0.99,-0.11,0.02,4,3
0.99,-0.11,0.01,4,3
1,-0.11,0.01,4,3
1,-0.11,0.01,4,3
1,-0.11,0.01,4,3
1,-0.12,0.01,4,3
1.01,-0.12,0.01,4,3
1,-0.12,0.01,4,3
1,-0.13,0.02,4,3
0.98,-0.11,0.02,4,3
1,-0.12,0.01,4,3
0.99,-0.12,0.02,4,3
1,-0.11,0.01,4,3
1.01,-0.13,0.01,4,3
0.99,-0.11,0.02,4,3
0.99,-0.11,0.01,4,3
0.99,-0.12,0.01,4,3
1.02,-0.13,0,3,2
1,-0.13,0.01,4,3
1,-0.11,0.01,4,3
1,-0.1,0.01,4,3
1,-0.11,0,4,3
1.01,-0.11,0,3,2
1,-0.1,0,4,3
1.02,-0.12,0,4,3
1,-0.12,0.01,4,3
1,-0.11,0.01,4,3
1,-0.12,0.01,4,3
0.99,-0.1,0.01,4,3
0.99,-0.12,0.02,4,3
1,-0.12,0.01,4,3
1.01,-0.11,0,4,3
0.99,-0.11,0.02,4,3
0.99,-0.11,0.01,4,3
1.02,-0.11,0,3,2
1.01,-0.11,0,4,3
1,-0.11,0.01,4,3
1.01,-0.12,0.01,4,3
1,-0.11,0,4,3
1,-0.11,0.01,4,3
0.99,-0.1,0.02,4,3
1,-0.11,0.01,4,3
0.99,-0.11,0.01,4,3
1,-0.12,0.01,4,3
1,-0.11,0.01,4,3
1,-0.11,0.01,4,3
1.01,-0.11,0,4,3
1,-0.11,0.01,4,3
1.01,-0.12,0,4,3
1.01,-0.1,0,3,2
1,-0.1,0,4,3
1,-0.1,0.01,4,3
1.01,-0.12,0,4,3
1,-0.12,0.01,4,3
1.01,-0.12,0,4,3
1.01,-0.11,0,4,3
1.01,-0.11,-0.01,3,2
1,-0.1,0,3,2
1,-0.1,0,3,2
1,-0.11,0.01,4,3
0.98,-0.1,0.02,4,3
0.99,-0.12,0.02,4,3
0.98,-0.12,0.03,4,3
1.03,-0.1,-0.01,3,2
1.02,-0.11,0,4,3
0.99,-0.09,0.01,4,3
1.02,-0.1,0,3,2
1.01,-0.1,0,4,3
1,-0.11,0.01,4,3
1,-0.11,0,4,3
1.01,-0.12,0.01,4,3
1,-0.12,0.01,4,3
1.01,-0.12,0.01,4,3
1,-0.1,0,4,3
1,-0.11,0.01,4,3
1.01,-0.11,0,4,3
1.01,-0.1,0,4,3
1,-0.11,0.01,4,3
1.02,-0.13,0,4,3
1,-0.11,0.01,4,3
0.99,-0.11,0.01,4,3
2.32,0.85,-2.08,1,0
-5.25,0.31,2.01,1,0
-1.71,-0.06,-0.12,1,0
-0.37,-0.24,1.16,1,0
-2.75,0,-0.73,1,0
7.32,-1.59,-0.98,1,0
-4.7,0.61,0.24,1,0
2.14,0.24,-0.24,1,0
2.2,-0.37,0.24,1,0
0.92,-0.92,0.43,1,0
1.59,0.31,-0.31,1,0
-1.95,0.85,0.43,1,0
1.04,0.24,0.37,1,0
-8.42,-0.12,0.55,1,0
1.83,-0.06,0,1,0
-0.85,0.49,0.06,1,0
0.79,-0.49,-0.49,1,0
2.32,-1.4,-0.85,1,0
1.71,-0.98,-1.34,1,0
4.88,0.31,-3.36,1,0
-1.95,1.22,0.37,1,0
-3.78,0.98,-0.31,1,0
0.61,-1.34,0.55,1,0
3.05,0,-0.43,1,0
-1.83,0.55,-0.43,1,0
0.12,-0.43,0.61,1,0
-1.1,-0.43,0,1,0
1.59,-0.98,-0.67,1,0
-1.83,-0.12,0.61,1,0
-0.49,-0.31,1.16,1,0
5.49,-0.61,-1.83,1,0
2.93,-0.37,-0.49,1,0
-1.16,0.85,0.37,1,0
-3.05,0.49,-0.79,1,0
1.28,-1.4,-0.24,1,0
-2.5,1.34,0.49,1,0
-0.24,1.34,-1.04,1,0
-1.28,0.18,-0.43,1,0
1.83,-1.22,-1.16,1,0
-1.59,1.34,-0.49,1,0
-1.1,-1.16,-1.1,1,0
-2.5,1.46,-3.48,1,0
-0.24,-0.24,-2.08,1,0
-1.65,2.14,-1.83,1,0
1.95,-1.1,-1.22,1,0
1.04,-0.61,-1.1,1,0
1.83,-0.12,-4.39,1,0
-1.16,1.16,-2.69,1,0
0.55,0.12,-2.5,1,0
3.78,0.49,-0.79,1,0
-0.92,0.06,0.92,1,0
1.83,-0.67,0.85,1,0
0.55,-0.98,0.79,1,0
-0.67,-0.12,0.24,1,0
-1.46,0.12,0.06,1,0
2.44,-0.73,0.31,1,0
-1.53,-0.85,0.43,1,0
0.61,-0.49,0.92,1,0
0.55,-0.18,-1.04,1,0
-0.06,0.79,-0.67,1,0
2.2,0.31,-0.06,1,0
9.16,-0.31,-0.12,1,0
-0.24,0.24,0.18,1,0
2.14,-1.4,-1.16,1,0
0.49,-0.18,1.04,1,0
-1.1,0.98,-0.85,1,0
0.06,-1.04,-0.37,1,0
-1.1,0.79,0.67,1,0
0.98,-1.16,-0.61,1,0
5.31,0.18,-0.24,1,0
-0.92,0.24,-0.37,1,0
-0.55,-0.18,-0.67,1,0
0.31,0,-0.67,1,0
0.49,-0.49,-0.92,1,0
1.34,-0.06,-0.92,1,0
-0.24,0.61,-0.18,1,0
-1.4,-0.37,0.43,1,0
-3.48,1.4,0.18,1,0
-1.71,1.1,-0.73,1,0
-3.17,0.49,0.31,1,0
2.44,0.37,0.92,1,0
-0.37,1.04,-0.18,1,0
-2.87,1.34,0.31,1,0
-1.77,-1.34,0.18,1,0
-0.24,-0.61,0.31,1,0
3.6,0.37,-0.67,1,0
6.96,-0.79,-1.65,1,0
-3.11,1.71,0.49,1,0
-0.61,-1.04,-0.67,1,0
-0.85,-0.55,0.55,1,0
-1.04,0.24,0.73,1,0
-7.57,1.46,1.46,1,0
-5.37,-0.06,0.49,1,0
-2.38,0.24,-1.59,1,0
2.08,-0.43,-0.79,1,0
-3.6,2.2,0.49,1,0
-1.34,1.65,0.06,1,0
-2.93,0.49,0.06,1,0
0.49,-0.24,0,1,0
-1.89,-0.85,0.61,1,0
-4.03,2.81,-0.31,1,0
-5.49,1.04,0.49,1,0
-1.53,-0.06,-0.06,1,0
5.25,0.31,0.24,1,0
-2.56,0.43,0.24,1,0
0.92,-0.85,-1.83,1,0
1.16,-0.49,0.79,1,0
-0.24,-0.67,-1.04,1,0
-0.31,1.34,-0.06,1,0
-0.49,-0.12,0.61,1,0
2.62,0.12,-1.46,1,0
-0.98,1.1,-1.95,1,0
-1.83,-2.69,1.16,1,0
-0.79,0.55,-0.24,1,0
-3.91,2.01,-1.1,1,0
1.46,-0.79,-1.1,1,0
-16.48,1.71,-0.92,1,0
-18.55,-0.24,-4.27,1,0
-0.18,1.71,-2.93,5,4
-2.44,-2.56,4.21,1,0
3.97,-1.53,-15.56,1,0
5.92,-0.06,0.37,1,0
4.09,0.43,1.46,1,0
-2.99,-0.37,-2.2,1,0
-3.42,2.38,1.1,1,0
-6.16,1.04,-0.55,1,0
-10.74,0.12,-2.62,1,0
-81.24,-0.06,-5.37,5,4
-121.15,8.48,-4.27,5,4
-128.72,18.98,-11.66,3,2
-101.75,-16.54,-21.79,5,4
-106.14,-5.25,-19.59,5,4
-83.92,-5.31,-7.57,5,4
-43.46,21,-8.73,5,4
6.04,21.85,36.07,2,1
-45.35,-11.41,5.25,2,1
-19.17,9.4,0.92,5,4
8.85,-7.81,0.79,5,4
19.71,1.1,4.76,2,1
-8.24,3.17,3.48,2,1
9.03,4.21,0.55,5,4
-11.54,-0.49,-1.28,5,4
-12.27,-4.09,-1.89,5,4
11.72,10.25,0.92,5,4
32.23,23.32,4.58,2,1
-6.41,2.62,-0.92,2,1
10.86,-10.19,0,2,1
-28.63,-1.77,6.41,2,1
4.7,3.54,9.16,2,1
2.32,-1.77,0.43,2,1
4.09,-1.59,-1.89,2,1
1.28,-0.24,-0.06,2,1
-11.47,-2.26,-2.62,2,1
-2.08,1.53,-3.78,2,1
-3.17,-0.55,-1.89,2,1
4.46,0.12,-1.16,2,1
4.09,1.46,-0.43,2,1
-0.67,-2.44,1.22,2,1
-0.55,0.55,0.06,2,1
0.31,-1.34,1.71,2,1
-1.95,-0.06,-1.04,2,1
-2.56,0.43,-0.92,2,1
-0.85,0.31,-1.28,2,1
0.06,0,-0.49,2,1
-1.04,-0.06,-0.18,2,1
-0.85,0.31,-0.61,2,1
-0.55,0.61,-0.31,2,1
-2.38,-0.67,-0.61,2,1
2.38,-0.67,0.06,2,1
-1.83,0,-1.04,2,1
0.92,0.31,-0.12,2,1
0.49,1.04,0.06,2,1
-0.55,-0.24,-0.98,2,1
-1.83,0.43,-0.92,2,1
-1.1,0.55,-0.98,2,1
1.53,1.59,0.06,2,1
-1.16,-0.61,-0.98,2,1
0,0.24,-1.04,2,1
0.79,1.16,0.31,2,1
0.98,0.67,0.06,2,1
-1.4,0.24,-0.06,2,1
2.14,-0.12,-1.28,2,1
-1.04,-0.31,0.24,2,1
2.75,0.79,-0.73,2,1
-1.28,0.43,-0.49,2,1
-0.31,-0.06,-0.49,2,1
0.24,0.37,-0.24,2,1
-0.61,-0.43,-0.49,2,1
-1.71,-0.18,0.06,2,1
-0.49,0.92,0.06,2,1
-1.22,0.37,0,2,1
1.83,0.24,-0.49,2,1
-0.24,0.55,-0.12,2,1
0.61,1.53,1.77,2,1
1.34,-1.34,-0.61,2,1
1.89,-0.49,-0.18,2,1
-1.59,-0.55,0.06,2,1
1.53,-1.04,0,2,1
-1.65,-0.18,-0.43,2,1
-0.61,0,0.67,2,1
4.39,0.43,-0.18,2,1
-0.85,0.18,-0.06,2,1
1.89,0.18,0.06,2,1
0.31,0.12,-0.06,2,1
0.24,0.24,-0.49,2,1
-0.55,-0.67,-0.49,2,1
-1.77,-0.12,-0.73,2,1
0.31,0.55,0,2,1
0.61,-0.06,0.31,2,1
0,0.37,0.06,2,1
0.67,0,-0.67,2,1
-3.11,-1.71,-1.83,2,1
-1.4,-0.37,-1.04,2,1
0.73,-0.79,-0.49,2,1
0.43,0,-0.06,2,1
0.79,-0.49,-0.61,2,1
0.73,-0.06,-0.85,2,1
0,0.79,0.12,2,1
1.4,0.73,-0.31,2,1
-1.46,0.98,-1.1,2,1
-1.16,-0.37,-0.43,2,1
-1.28,0.18,-0.49,2,1
0.49,0.37,-0.31,2,1
1.95,-0.55,1.1,2,1
-1.04,0.31,-0.55,2,1
1.71,0.85,0.12,2,1
-1.71,-1.16,-0.67,2,1
-0.12,-0.85,-1.46,2,1
-0.49,0,-0.73,2,1
0,1.04,-0.49,2,1
1.53,-0.49,0.24,2,1
-1.89,0.79,-0.49,2,1
0,2.38,0.24,2,1
2.5,1.1,0.67,2,1
1.34,-0.98,-0.24,2,1
-1.53,0.24,0.06,2,1
-0.98,2.14,0.92,2,1
0.55,-0.31,-0.37,2,1
5.19,2.56,0.43,2,1
-7.14,0.79,-3.11,2,1
-2.32,-0.55,-0.12,2,1
-0.92,4.76,-1.28,2,1
-14.04,-1.59,-4.09,2,1
10.01,-0.49,0.31,2,1
-4.52,0.37,-1.22,2,1
21.3,2.56,0.43,2,1
7.2,-0.85,0.24,2,1
38.76,0.61,-0.85,2,1
42.91,10.07,-0.98,5,4
140.2,4.64,3.85,5,4
75.5,-5.19,-9.16,5,4
57.01,-6.23,-4.27,3,2
35.46,-30.15,-36.44,3,2
-16.3,-8.36,2.87,5,4
-3.6,14.95,-0.49,3,2
-4.39,-0.92,8.24,3,2
-4.76,1.83,4.82,3,2
-0.37,2.14,1.83,3,2
-1.59,2.38,0.55,3,2
-2.08,2.01,-0.43,3,2
-0.92,0.18,2.38,3,2
-1.53,4.33,-0.79,3,2
0.12,1.22,0,3,2
0,-0.49,0.24,3,2
-0.12,-0.49,1.04,3,2
0.85,0.12,-0.31,3,2
-1.04,0.49,-0.06,3,2
0.06,-0.67,-1.22,3,2
-0.85,0.98,1.22,3,2
-0.31,1.1,-0.06,3,2
0.43,-0.85,-0.31,3,2
0.12,0.24,0.31,3,2
-0.43,-0.31,1.16,3,2
-0.18,-0.31,-0.98,3,2
-0.55,1.71,-0.61,3,2
0.98,0.06,-0.24,3,2
-0.37,-0.24,0.37,3,2
0.43,-1.22,0.37,3,2
-0.31,-0.12,-0.43,3,2
0.98,0,-0.55,3,2
-0.24,-0.24,0.85,3,2
0.18,-0.85,0,3,2
2.01,0.37,-1.65,3,2
0.37,-0.49,-0.79,3,2
0,0.31,-0.43,3,2
-0.12,-0.24,-0.73,3,2
0.24,2.14,-0.43,3,2
-0.49,-0.43,0.92,3,2
0.85,-1.53,0.37,3,2
0.73,1.71,0.12,3,2
0.37,-2.99,0.31,3,2
-0.85,-0.31,0.24,3,2
0.12,0.61,-0.61,3,2
0.55,-1.22,0,3,2
0.43,-0.06,0.55,3,2
-1.16,0.18,0.18,3,2
0.43,-0.37,-0.55,3,2
0.79,0,-0.98,3,2
0.43,-1.65,-0.06,3,2
-0.37,-0.49,0.12,3,2
-0.73,-0.24,0.24,3,2
0.12,-0.37,0.06,3,2
0.73,1.34,-1.16,3,2
-4.76,-1.34,2.14,3,2
0.06,0,-0.06,3,2
-0.18,1.65,1.83,3,2
0.73,0.67,-0.92,3,2
0.37,-1.1,-0.24,3,2
0.49,0,0,3,2
-3.17,-2.14,-3.97,3,2
-0.49,1.16,0.18,3,2
0.79,-0.37,0.49,3,2
0.31,-1.53,-0.31,3,2
3.23,-3.23,0.73,3,2
1.65,0.92,0,3,2
0.12,-0.12,-1.1,3,2
0,0.18,-0.61,3,2
0.43,1.34,0.79,3,2
-0.06,0.06,-0.24,3,2
-0.92,-0.18,-0.24,3,2
0.12,-0.24,0.06,3,2
0.31,-0.37,-0.12,3,2
-0.18,0,-0.85,3,2
0.49,0,-0.55,3,2
0,0.12,0.12,3,2
-0.55,0.43,-0.31,3,2
-0.37,-0.73,0.37,3,2
-0.73,-1.46,-0.37,3,2
-0.18,1.04,-0.18,3,2
0,0.73,1.16,3,2
-0.49,0.67,-0.18,3,2
-0.31,1.89,-1.16,3,2
0.79,-0.18,-0.55,3,2
0.18,0.37,-0.67,3,2
0.49,0.49,-0.24,3,2
-0.06,-0.37,-0.31,3,2
-1.04,-0.49,-0.73,3,2
-0.49,1.04,-1.04,3,2
2.01,-0.61,-0.31,3,2
0.85,0.24,-1.16,3,2
-1.04,-0.43,0.18,3,2
0.67,-0.06,0.18,3,2
-0.18,1.46,-1.16,3,2
0.24,-1.04,-0.24,3,2
-0.12,-0.06,0.61,3,2
-0.31,-0.37,-0.31,3,2
0.55,0.37,-0.85,3,2
0.24,-1.1,1.1,3,2
0.12,0.06,0.49,3,2
1.16,0.37,-0.43,3,2
-2.2,0.37,0.06,3,2
0.18,0.24,1.04,3,2
0.37,-0.73,1.04,3,2
-0.73,0.73,-1.34,3,2
-0.55,-0.85,-0.92,3,2
1.16,-0.73,-0.06,3,2
-0.67,0.92,0.18,3,2
0.12,0.24,0.24,3,2
2.14,-0.61,-1.46,3,2
-0.31,-1.89,1.04,3,2
-0.55,0.79,-0.06,3,2
1.71,0.67,-0.79,3,2
-1.1,-1.4,0.43,3,2
-0.67,-1.34,-1.83,3,2
0.73,1.59,1.1,3,2
0.37,0.12,0.06,3,2
-1.4,-0.37,-1.46,3,2
-0.37,-1.28,0.12,3,2
0.43,0.49,-0.67,3,2
-0.24,-0.06,0.55,3,2
-15.56,0.12,-0.12,3,2
-7.39,-1.71,1.04,3,2
-11.84,-3.91,13.37,3,2
1.4,-8.48,-44.43,3,2
-11.41,-1.22,-2.93,3,2
-7.51,-6.1,1.59,3,2
-2.5,-5.07,3.3,3,2
7.26,0.24,-2.38,3,2
13.85,3.17,-3.17,5,4
-0.18,1.77,-1.22,3,2
67.2,-1.28,21.42,3,2
83.44,11.84,11.96,5,4
7.02,4.52,-2.56,5,4
30.09,6.84,-0.24,5,4
1.89,-0.67,-1.34,5,4
-2.44,1.71,-1.46,5,4
-1.22,-0.06,-0.24,5,4
-16.36,-0.73,-1.71,5,4
19.29,1.16,-2.56,5,4
-3.97,2.14,0.18,5,4
-17.58,-1.83,0.12,5,4
-12.08,-2.75,-1.77,5,4
-9.83,-0.79,-0.85,5,4
2.62,1.16,0.31,5,4
-6.1,-1.28,-0.55,5,4
-5.31,-0.98,0.61,5,4
-3.36,-1.16,-0.31,5,4
-1.4,0.31,0.92,5,4
-2.14,0.43,-0.24,5,4
0.24,2.01,0.61,5,4
-0.55,0.24,0.43,5,4
2.26,1.04,0.31,5,4
6.1,2.69,0.18,5,4
14.77,1.53,2.14,5,4
3.6,1.59,0.06,5,4
5.13,0.67,0.92,5,4
-4.82,-1.4,-0.85,5,4
1.34,1.28,-0.73,5,4
4.94,1.53,0.85,5,4
4.33,0.37,-0.06,5,4
0.92,1.1,1.46,5,4
2.75,1.71,2.14,5,4
3.23,0.92,-0.06,5,4
0.24,0.06,-0.24,5,4
-0.43,0.06,1.1,5,4
-6.47,-1.22,-0.85,5,4
4.27,1.22,0.98,5,4
3.11,0.55,0.73,5,4
20.14,11.23,6.47,5,4
4.46,1.16,-0.31,5,4
-2.56,1.04,-0.31,5,4
18.31,4.15,1.59,5,4
8.06,0.92,0.18,5,4
5.92,0.18,1.34,5,4
6.35,0.31,0.49,5,4
15.44,0.43,-0.37,5,4
6.16,0.18,0.61,5,4
3.66,-1.65,-1.1,5,4
17.58,1.59,2.32,5,4
15.69,-0.98,2.62,5,4
18.86,0.55,-2.32,1,0
12.57,0.79,0.92,1,0
14.53,0.55,0.79,1,0
0.85,-0.06,-0.61,1,0
3.6,0.67,0.06,1,0
-6.04,-0.37,-0.98,1,0
2.32,0,-0.43,1,0
-4.46,-0.61,-1.28,1,0
12.63,2.26,-0.37,1,0
1.89,0.43,1.59,1,0
2.93,1.65,2.26,1,0
-2.5,-3.85,0.61,1,0
28.75,-2.01,0.24,1,0
23.13,1.95,5.31,5,4
12.7,1.34,3.42,5,4
-2.93,-0.61,-0.67,5,4
-1.71,-0.43,-0.12,5,4
13.06,3.6,4.52,5,4
-2.08,-0.61,-1.95,5,4
14.28,0.73,3.17,5,4
7.14,1.34,1.34,5,4
2.81,0.55,1.34,5,4
2.75,0.79,0.92,5,4
1.65,-0.31,-1.28,5,4
1.65,0.61,0.18,5,4
-0.79,0.79,0.24,5,4
1.46,0.98,0.37,5,4
4.94,0.55,0.67,5,4
-0.85,-0.37,-1.89,5,4
1.65,-0.49,0,5,4
0,-0.12,-0.55,5,4
5.55,1.53,1.89,5,4
1.4,-0.06,-0.06,5,4
9.89,0.85,1.95,5,4
5,1.71,-0.67,5,4
4.21,-0.06,0.98,5,4
5.86,0.43,0.98,5,4
1.77,-0.43,-0.18,5,4
2.44,1.1,0.06,5,4
3.97,-0.12,0.31,5,4
8.73,-0.24,2.08,5,4
-5.25,-1.16,-1.34,5,4
6.29,-0.06,2.08,5,4
-3.36,-1.28,-1.65,5,4
7.02,0.31,0.43,5,4
8.18,-0.18,0.98,5,4
-1.34,0.24,-0.67,5,4
-2.14,-0.55,-1.28,5,4
7.57,-0.18,-0.67,5,4
1.28,0.49,0.92,5,4
6.77,0.61,-0.06,5,4
6.29,-0.31,-0.31,5,4
6.65,0.37,0.43,5,4
15.63,0.18,1.83,5,4
8.97,-0.18,-0.98,5,4
34.61,1.34,6.96,5,4
4.39,2.62,-4.76,5,4
25.02,1.59,1.04,5,4
16.05,-1.28,-1.1,5,4
20.45,-0.67,1.22,5,4
15.08,0.98,0.06,5,4
40.71,1.65,-0.12,3,2
13,1.59,-1.34,3,2
9.89,1.34,-3.23,3,2
1.71,0.31,-4.39,3,2
5,0.18,0.06,3,2
0.92,0.24,-0.73,3,2
-0.61,0.73,-2.44,3,2
1.46,0.12,2.08,3,2
1.89,1.16,-0.49,3,2
2.32,0.61,1.53,3,2
0.24,0.06,0.55,3,2
2.93,-0.06,0.24,3,2
0.37,0.49,-0.79,5,4
0.61,-0.61,-1.83,3,2
0.18,0.43,-0.67,5,4
-1.28,0.49,-0.67,3,2
1.16,-0.92,0.24,3,2
1.16,0.67,-1.59,3,2
0.92,-0.61,-0.18,3,2
1.46,0.18,0.06,5,4
0.12,0,0.06,5,4
0.85,-0.73,-0.12,5,4
-0.12,-0.31,-0.61,5,4
0.85,0.67,-0.31,5,4
0.98,1.28,0.24,5,4
0.12,0.43,0.12,5,4
-0.85,0.49,-1.71,5,4
0,0.31,-0.37,5,4
1.46,-0.55,0.67,5,4
-0.18,-0.55,2.2,5,4
0.67,-0.85,-1.95,5,4
0.06,-0.79,0.06,5,4
-2.69,2.08,3.11,5,4
1.4,-0.55,-2.08,5,4
-2.62,-0.55,-1.4,5,4
0.92,-0.37,-0.49,5,4
3.85,2.14,0.37,3,2
-1.28,0.12,-0.06,3,2
0.12,0.43,0.24,5,4
-0.55,0.55,-1.16,5,4
1.89,0.98,-0.55,5,4
-1.53,0.49,-1.83,3,2
4.7,0.61,-0.24,5,4
-0.79,-0.31,-0.24,5,4
0.24,-0.61,0.24,5,4
1.53,-0.31,0.37,5,4
0,-0.24,-0.85,5,4
0.18,0,-0.55,5,4
0.85,0.12,-0.12,5,4
-0.06,-0.18,-0.85,5,4
2.32,0.67,0.43,5,4
2.44,2.81,0.73,5,4
6.23,4.88,2.75,5,4
5.49,-4.52,0.61,5,4
-0.06,-8.54,-1.53,5,4
1.65,-15.87,-7.45,5,4
13.06,-18.49,-4.39,5,4
-8.24,-2.01,0.31,5,4
-5.68,1.1,1.77,5,4
-25.45,5.86,-4.15,5,4
-8.18,7.57,0.98,3,2
-8.73,18.37,8.91,3,2
4.64,5.13,3.36,3,2
3.48,0.55,-0.43,5,4
3.17,-1.59,1.1,5,4
-0.67,-0.61,1.83,5,4
1.89,-0.79,1.77,5,4
1.65,0.67,0.37,5,4
-2.08,0.79,-2.2,5,4
-10.8,1.59,-4.58,5,4
-11.6,1.71,-3.48,3,2
-1.83,0.12,-2.5,3,2
3.72,-1.04,0.85,3,2
1.77,-0.73,0.67,3,2
-0.31,-0.61,-0.43,3,2
0.67,-0.79,-0.92,3,2
-0.55,-1.34,0.73,3,2
0.92,-0.61,0.67,3,2
0.24,0.49,-1.04,3,2
1.1,-0.79,0.85,3,2
0.43,-0.06,-0.18,3,2
0.92,0.79,-0.24,3,2
1.95,-0.73,1.4,3,2
1.46,-0.79,0.85,3,2
-0.92,0,-0.55,3,2
-0.24,1.53,1.59,3,2
-1.22,-0.31,-0.55,3,2
0.85,0.12,-0.31,3,2
0.98,0.92,0.73,3,2
0.49,-0.31,0.55,3,2
1.34,-0.73,0.98,3,2
1.53,1.1,0.37,3,2
0.24,0.31,0,3,2
1.71,2.56,0.18,3,2
-1.04,0.43,-0.67,3,2
1.1,2.5,-1.71,3,2
1.1,0,0.49,3,2
0.31,0.06,0.85,3,2
-0.06,0.61,-0.98,3,2
0,0,-0.31,3,2
-0.24,0,0.06,3,2
-0.79,0.06,0.55,3,2
0,0.06,0.67,3,2
-0.37,0.55,-0.24,3,2
0.18,0.67,-0.85,3,2
0,0.92,-0.85,3,2
-0.79,0.73,-0.43,3,2
0.49,0,0.73,3,2
-0.67,-0.12,-0.49,3,2
-0.37,0.73,-2.08,3,2
0.24,-0.31,-0.67,3,2
0.55,-0.37,0.92,3,2
-0.55,0,-0.12,3,2
-0.31,-0.49,0.24,3,2
0.98,0.24,-0.12,3,2
-0.31,-0.24,-0.43,3,2
-0.55,-0.06,-0.61,3,2
-0.79,0.18,-0.61,3,2
0.31,0.31,-0.43,3,2
0.06,-0.92,-0.49,3,2
0.49,0.12,-0.49,3,2
0.24,-0.67,-0.49,3,2
-0.06,0.18,0.24,3,2
-0.98,-0.79,-0.55,3,2
0.24,-0.31,0.49,3,2
-0.79,0.06,-0.49,3,2
-0.37,0.55,0.67,3,2
0.73,-0.12,0.92,3,2
1.04,-0.55,-0.06,3,2
-0.37,-0.55,-0.49,3,2
0.73,0.12,0.12,3,2
0.24,-0.18,-0.18,3,2
0.55,0.92,-1.77,3,2
0.31,0.61,-0.55,3,2
-0.37,0.18,0.37,3,2
0.98,-0.37,0.67,3,2
-0.24,0.18,-0.31,3,2
-0.06,-0.06,-0.18,3,2
0.98,0.06,0.24,3,2
0.12,-0.18,-0.31,3,2
0.12,0.55,0.24,3,2
-0.37,-0.12,0.06,3,2
0.31,-0.24,0,3,2
-0.79,0.31,-0.61,3,2
0.61,-0.55,0.61,3,2
0.79,-0.18,-0.43,3,2
0.06,0.18,-0.55,3,2
-1.95,-0.24,-2.14,3,2
0.55,-0.24,-0.12,3,2
-0.67,-0.12,-0.79,3,2
0.98,-0.61,0.37,3,2
0.18,0.06,0.06,3,2
0.12,-0.61,-0.92,3,2
0.73,-0.73,-0.18,3,2
-0.12,-0.31,-0.49,3,2
0.49,-0.31,-0.37,3,2
-0.73,0,-1.22,3,2
0.85,-0.79,1.04,3,2
-0.73,0.49,-0.92,3,2
0.12,0.98,-1.22,3,2
0.24,0.55,-0.06,3,2
0.73,1.28,-1.22,3,2
-1.04,-0.12,-0.49,3,2
0.79,0.37,0,3,2
0.18,0.37,-0.85,3,2
0,0.73,0.06,3,2
-0.98,0.06,0.67,3,2
0.67,0.31,0,3,2
1.59,0.24,1.04,3,2
-0.43,0.18,0.49,3,2
-2.38,-0.31,-1.71,3,2
-0.49,-0.12,-0.12,3,2
-0.85,0.12,0,3,2
-1.46,-0.18,-0.85,3,2
-3.11,0.61,-0.73,3,2
-2.56,0.31,0.12,3,2
-2.14,0.18,-0.12,3,2
-2.2,-0.18,-0.12,3,2
-2.81,0.06,-0.98,3,2
1.65,-0.43,-0.06,3,2
2.81,-0.24,-0.37,3,2
3.54,0.43,0.31,3,2
10.19,2.14,-0.73,3,2
2.08,2.75,0.06,3,2
8.36,2.2,0.06,3,2
3.48,0.92,-2.01,5,4
1.4,1.04,-0.61,5,4
9.16,6.35,1.1,5,4
1.04,2.93,-0.18,5,4
0.92,0.92,-0.43,5,4
3.78,3.97,3.11,5,4
5.13,5.74,0,5,4
1.34,1.83,-0.67,5,4
-1.04,-0.24,0.79,5,4
0.37,0.92,-2.01,5,4
0.67,2.99,0.12,5,4
-0.18,0.73,-1.04,5,4
1.16,1.16,-1.1,5,4
1.83,1.34,1.1,5,4
4.09,0,-0.92,5,4
5.43,0.73,-3.3,5,4
5.98,6.71,1.04,5,4
0.85,1.34,0.37,5,4
-1.46,-0.79,0,5,4
-0.31,-3.17,-4.15,5,4
12.63,-1.46,2.93,5,4
30.64,-7.2,-4.94,5,4
14.04,-3.23,8.61,5,4
3.72,-13.98,0.79,5,4
10.68,-0.31,-4.64,5,4
10.93,-5.07,-5.8,5,4
14.47,8.97,-2.5,5,4
10.68,11.11,-1.83,5,4
3.91,2.01,1.89,5,4
6.47,3.23,-0.73,5,4
-4.64,0.61,3.11,5,4
-6.59,3.23,4.46,5,4
-0.73,-2.38,0.79,5,4
15.08,4.52,8.24,5,4
14.47,3.3,-3.91,5,4
10.99,-1.71,0.37,5,4
-5.86,-1.34,0.55,5,4
0.98,-0.37,1.28,5,4
-1.77,-1.28,0.92,5,4
0.85,1.34,-0.49,5,4
3.05,-0.49,-0.79,5,4
-3.23,-0.73,0.55,5,4
0.98,1.46,0.06,5,4
1.16,-0.85,-0.12,5,4
1.22,-0.43,-0.61,5,4
10.68,-1.4,-0.24,5,4
5.43,-15.56,0.12,5,4
0.24,-0.79,1.34,5,4
7.51,0.98,-1.59,5,4
18.8,-0.61,-2.08,5,4
4.7,-0.18,3.91,5,4
5.31,1.71,0.61,5,4
10.68,-1.16,-2.5,2,1
19.29,1.1,-1.59,2,1
21.18,1.16,-4.21,2,1
4.7,-0.92,2.5,2,1
10.68,0.85,-1.16,2,1
11.78,0.49,-0.92,2,1
9.64,0.06,0.98,2,1
17.03,5.49,-1.46,2,1
20.08,-0.67,-3.91,2,1
4.27,1.71,1.53,5,4
15.44,-0.61,-1.4,5,4
8.12,1.16,1.83,5,4
-25.82,-2.08,-15.5,5,4
-0.49,-0.37,-2.26,5,4
-18.62,1.28,4.64,5,4
6.71,-2.26,-2.2,5,4
2.26,1.71,-1.28,5,4
-5.07,2.01,2.2,5,4
-11.05,3.72,1.77,5,4
-10.86,1.28,0.67,5,4
0.55,-0.12,-2.56,5,4
-5.55,-1.77,-1.89,5,4
-0.85,1.4,-0.37,5,4
2.2,-1.65,-0.31,5,4
1.53,0.92,1.83,5,4
-1.28,-1.1,-1.71,5,4
-0.85,-1.22,0.61,5,4
-18.49,0.61,-0.43,5,4
-8.24,0.24,2.2,5,4
-0.06,-1.04,-0.79,5,4
-9.03,-0.79,0.43,5,4
4.58,1.65,-1.65,5,4
-7.14,-0.85,0.18,5,4
3.48,-0.24,-1.4,2,1
4.33,-0.98,0.24,2,1
-0.18,-0.73,-0.24,2,1
4.15,-0.18,-2.69,2,1
-11.9,2.75,2.56,2,1
6.29,14.95,-2.2,2,1
0.85,2.69,4.88,2,1
-13.49,-1.22,3.23,2,1
-8.48,2.38,2.56,2,1
-3.54,1.77,2.08,2,1
-5.8,-0.73,-1.46,2,1
0.98,-0.73,-2.5,2,1
-1.1,1.53,0.98,2,1
-3.11,-1.4,-0.06,2,1
4.52,-0.31,-0.06,2,1
-1.59,0.24,0.61,2,1
-2.01,0.49,-0.43,2,1
3.66,-1.34,-1.65,2,1
0.18,0.18,-0.55,2,1
-6.59,1.65,1.4,2,1
0.31,-0.85,0.49,2,1
3.91,0.06,-0.67,2,1
-2.5,0.67,-3.17,2,1
0.18,-0.98,1.71,2,1
-1.46,-0.61,2.26,2,1
0.06,2.2,1.89,2,1
-2.08,-2.14,0.92,2,1
-0.55,1.53,2.14,2,1
0.31,0.79,-0.55,2,1
-2.87,-0.79,0.24,2,1
2.2,0,-0.37,2,1
-1.65,0.37,-0.43,2,1
0.12,-0.98,0.12,2,1
0.79,0.24,-1.83,2,1
-1.46,0.85,0.18,2,1
2.5,-1.1,-0.55,2,1
1.16,-0.37,-1.16,2,1
1.65,-0.24,-1.16,2,1
-0.79,3.05,2.5,2,1
-2.38,1.59,1.59,2,1
-1.65,0.24,-0.31,2,1
-0.49,1.65,1.83,2,1
-2.69,0.98,-1.46,2,1
-0.18,1.16,-0.18,2,1
0.12,0.61,0.12,2,1
-7.26,-0.12,0.55,2,1
0.18,-0.18,-0.92,2,1
-1.95,-0.24,0.18,2,1
-0.06,0.18,-0.98,2,1
-1.95,0.37,-0.31,2,1
-1.34,-1.22,-0.12,2,1
0.43,0.24,-0.49,2,1
-1.1,1.71,0.55,2,1
-1.1,0,-0.18,2,1
3.17,0.31,-0.85,2,1
0.98,0.73,1.46,2,1
-1.77,-0.06,-1.53,2,1
0.67,1.04,-0.67,2,1
-1.1,0.61,-0.18,2,1
-4.33,-0.61,-0.12,2,1
-0.79,0.24,-0.43,2,1
-2.5,0.55,0.12,2,1
1.46,0.24,0.24,2,1
-2.5,-1.1,0.18,2,1
1.04,0.37,0,2,1
-1.46,0.61,0.24,2,1
0.55,1.28,0.06,2,1
-0.79,-1.53,-0.18,2,1
-0.55,2.32,0.55,2,1
-2.62,-0.67,0.79,2,1
-1.28,-1.16,-1.22,2,1
-7.75,0.43,0.55,2,1
-2.81,0.98,-0.06,2,1
-10.99,-1.34,0.73,2,1
-20.81,-1.59,-0.55,5,4
-24.96,-7.69,7.57,5,4
-50.11,1.1,3.3,5,4
-38.09,-4.21,5.74,5,4
-42.85,-1.16,-4.39,5,4
-20.63,-2.08,-5.19,5,4
-34.73,4.15,-4.39,5,4
-4.52,-3.05,2.26,5,4
-14.28,1.53,-1.65,5,4
-26.37,3.91,0,5,4
-126.71,-33.75,4.76,3,2
-36.5,-3.23,-8.3,5,4
-31.01,1.83,-3.6,5,4
-28.08,3.72,-2.08,5,4
-61.16,1.77,-1.89,5,4
-25.7,-0.79,5.8,5,4
-71.11,4.82,-2.38,5,4
-42.6,-2.5,-2.56,5,4
-70.01,2.69,-4.33,5,4
-20.26,-0.61,-0.73,1,0
-63.11,5.8,-4.76,1,0
2.38,1.1,-0.43,1,0
-1.28,0.24,-0.73,1,0
1.28,-3.66,0.79,5,4
8.24,-0.85,-0.79,1,0
19.35,-17.27,-1.71,1,0
2.08,-50.35,-3.23,1,0
4.58,-4.58,-1.04,1,0
-13.37,-24.78,-0.67,1,0
5.31,-10.07,1.22,1,0
0.37,-15.32,0.79,1,0
3.48,-16.72,8.3,1,0
10.13,-26.73,4.52,1,0
9.22,-34.24,-0.49,1,0
4.58,-31.37,2.38,1,0
5.86,-30.33,5.43,5,4
0.98,-21.67,0.55,5,4
2.75,-26.49,8.12,5,4
-7.39,-17.88,-20.87,5,4
2.08,-13.61,2.81,5,4
-4.39,-8.42,-13.43,5,4
-2.5,-11.96,-8,5,4
14.65,-39,4.52,5,4
6.96,-34.91,9.03,2,1
-4.21,11.96,-4.09,2,1
-0.98,9.77,-3.42,2,1
-1.77,1.83,-2.62,2,1
-2.44,7.51,-3.66,2,1
0.37,2.08,-1.04,2,1
2.75,-1.28,0,2,1
0.43,-1.04,1.89,2,1
-1.34,5.55,-3.11,2,1
-3.3,5.86,-5.86,2,1
-2.75,70.74,0.37,5,4
-1.46,25.88,13.98,5,4
6.9,67.02,18.25,5,4
-19.59,58.23,-12.94,1,0
-2.2,31.74,-3.36,1,0
9.64,18.43,-5.25,1,0
-1.89,37.41,-5.92,1,0
-5.43,10.56,-4.76,1,0
8.85,37.84,-3.48,1,0
-12.57,74.46,-17.88,1,0
7.87,61.22,9.58,1,0
-4.27,33.08,-4.7,1,0
-11.11,51.33,13.61,1,0
-9.89,49.07,-4.09,1,0
2.87,31.68,-21.73,1,0
7.39,1.4,9.52,1,0
-26.67,23.93,-3.72,1,0
-4.64,17.21,-2.62,5,4
0.18,4.03,-3.85,1,0
2.44,4.03,-9.89,1,0
6.71,8.06,2.14,1,0
-0.49,28.02,0.24,1,0
-5.07,26.12,-1.04,1,0
-14.28,31.92,-3.97,5,4
-2.38,2.93,2.69,5,4
-5.43,-13.79,1.46,5,4
-14.53,-19.47,7.02,5,4
15.01,2.81,-10.8,5,4
25.82,-15.14,-10.13,5,4
21.73,-1.4,-7.02,5,4
3.66,-3.54,-4.33,5,4
8.42,-2.32,5.68,5,4
21.48,-4.09,3.05,5,4
12.08,2.14,-3.6,5,4
14.4,2.32,-3.54,5,4
-10.8,0.98,4.39,5,4
-17.82,0.12,4.94,5,4
-44.13,9.4,6.23,5,4
-21.42,13.24,-0.31,5,4
-7.75,10.56,2.32,5,4
-5.31,15.14,-3.72,5,4
3.48,0.43,-1.53,5,4
-1.04,-23.07,-1.16,5,4
10.44,-28.93,-10.5,4,3
9.34,-20.39,2.56,4,3
0.92,-4.94,-10.13,4,3
-4.94,-7.02,-3.97,5,4
0.92,-31.37,18.13,5,4
-4.58,-4.58,-1.53,5,4
-6.65,16.6,1.22,5,4
3.3,14.59,0.67,1,0
6.9,-7.75,4.39,5,4
-3.36,8.42,-2.87,1,0
-2.69,-11.11,-1.59,1,0
0.12,-1.59,-1.71,1,0
6.23,-63.78,5.43,1,0
24.41,-47.91,11.29,1,0
11.23,-96.62,11.6,1,0
14.47,-120.24,-6.77,1,0
-4.03,-106.93,-28.69,5,4
-19.1,-95.28,9.16,5,4
18.01,-39.55,-4.46,5,4
34.73,-53.16,-11.72,5,4
-9.89,-29.97,-16.72,5,4
-2.01,-15.99,-8.06,2,1
-8.54,24.11,3.05,5,4
-12.15,-8.18,34.12,5,4
-17.4,25.51,-28.56,5,4
-25.39,-7.51,-13.92,5,4
-6.65,7.32,-15.87,5,4
75.74,60.42,6.23,3,2
6.23,-5.19,13.06,5,4
-32.84,-5.31,15.44,5,4
51.27,-4.76,-14.34,2,1
8.12,3.6,-4.03,2,1
5.8,0.31,-3.42,2,1
-9.28,15.75,15.26,2,1
-17.33,-25.15,6.96,5,4
-11.47,14.47,4.39,2,1
-2.01,-2.62,-0.61,5,4
-2.26,-2.14,1.4,2,1
1.4,0.92,0.79,5,4
1.04,-1.22,0.43,5,4
-0.12,-0.24,1.04,2,1
-31.8,6.23,1.04,5,4
-69.89,19.71,8.91,5,4
-152.59,-17.27,34.42,5,4
-75.99,-4.21,-14.65,5,4
-96.13,-5.55,-35.4,5,4
56.64,-4.82,26.18,5,4
51.27,-0.79,-15.44,1,0
-15.75,-7.51,9.64,5,4
28.87,-53.96,9.16,5,4
0.79,-40.41,10.62,2,1
33.14,-81.18,-5.07,5,4
-7.57,-39.67,16.36,2,1
2.32,-25.09,10.93,2,1
-3.85,-18.37,-0.79,2,1
-9.46,-23.13,9.64,2,1
-9.89,-13.73,10.07,2,1
9.95,-14.53,6.71,5,4
21.42,-16.85,24.96,5,4
2.87,13.79,0.37,5,4
-8.54,0.73,5.68,2,1
1.71,6.9,1.46,2,1
42.36,69.64,38.09,5,4
88.93,76.35,49.74,5,4
26.31,28.99,9.58,5,4
57.68,50.29,35.03,5,4
62.87,26,-0.31,5,4
15.38,20.63,18.86,5,4
-18.68,-6.9,8,5,4
-35.4,56.15,-15.44,5,4
9.34,47.3,10.01,5,4
-7.32,29.66,-10.56,5,4
-25.7,57.74,-13.55,1,0
-22.77,35.71,-1.95,1,0
-14.1,51.15,-0.61,1,0
2.08,28.87,-13.79,1,0
1.95,12.82,-13.31,1,0
3.54,12.39,-4.82,1,0
2.38,-1.89,2.14,1,0
-4.21,0.98,1.16,1,0
-88.62,-8.85,-19.59,1,0
-116.7,-15.56,-7.75,5,4
-50.29,-0.98,1.28,5,4
-37.78,4.39,-0.92,5,4
-12.88,-2.69,-0.43,5,4
-8.12,-4.03,-3.36,5,4
-9.34,-2.69,-3.36,3,2
-4.7,-0.67,0.55,3,2
-7.08,0.61,-0.31,3,2
0.67,-1.16,-0.12,3,2
-0.24,0.24,-0.61,3,2
-0.24,-1.46,-0.55,3,2
-0.61,1.28,-0.73,3,2
-1.22,-0.61,0.18,3,2
-1.34,0.37,-0.06,3,2
4.39,1.59,-1.4,3,2
5.13,-1.34,-1.53,3,2
11.35,-0.31,0.12,3,2
16.6,3.17,-1.59,5,4
19.23,2.99,-2.81,5,4
21.61,2.44,0,5,4
65.67,7.39,0.85,5,4
40.16,0.43,17.27,5,4
131.71,-43.82,39.18,5,4
38.82,-65.43,-4.15,1,0
17.4,-27.89,-14.53,1,0
-0.06,-11.05,4.27,1,0
-9.95,-18.8,0.55,1,0
-41.08,-17.94,-3.85,1,0
1.4,-4.39,-1.65,1,0
6.71,1.16,1.71,1,0
22.95,-16.48,-7.39,1,0
16.78,-24.78,8.42,1,0
7.63,-37.17,-6.23,5,4
-1.34,-18.43,-1.16,5,4
-15.26,-2.01,-2.56,5,4
2.87,-28.32,-2.01,5,4
-2.81,-31.43,-2.01,5,4
0.06,-6.16,-2.75,5,4
2.38,-14.65,-1.77,5,4
2.99,-7.26,-2.56,5,4
-1.83,-4.88,-1.83,5,4
4.52,3.3,4.21,5,4
3.17,6.41,-0.43,5,4
-9.83,20.45,-3.66,5,4
-10.5,-12.33,5.19,5,4
-21.36,26.49,-25.63,5,4
-34.79,25.57,17.94,1,0
107.67,-18.31,-4.03,5,4
19.71,11.96,-7.14,5,4
0,-5.37,0.31,5,4
-1.71,-3.17,-2.01,5,4
8.73,1.59,-4.76,5,4
-3.6,-1.46,2.69,5,4
-1.71,-0.79,1.04,5,4
-2.26,18.68,0.18,5,4
-23.68,57.07,4.46,5,4
-48.22,43.4,30.7,1,0
-45.1,19.84,-5.92,1,0
17.33,78.12,-6.47,1,0
35.71,71.9,-11.54,1,0
-40.53,30.94,12.7,1,0
-96.5,67.14,-9.34,1,0
122.38,70.98,25.7,5,4
-1.04,53.83,9.77,1,0
38.57,52.73,25.27,5,4
-38.09,32.96,8.91,5,4
-18.55,21,-9.83,5,4
-3.97,19.17,-28.93,4,3
-2.93,11.96,-14.34,5,4
-18.19,-1.59,-3.48,5,4
-5.25,-5.74,-5.13,1,0
-0.55,-0.61,1.59,3,2
-3.11,2.08,-3.78,5,4
-0.37,2.62,-7.2,5,4
-0.24,-5.13,-15.69,4,3
-1.16,2.38,-3.54,4,3
-1.28,5.37,2.62,3,2
0.61,-1.04,-0.37,4,3
1.53,-0.43,2.99,3,2
0.06,-1.1,-3.48,4,3
-0.49,0.73,0.12,3,2
0.18,-0.79,0.49,4,3
-0.24,-2.62,-0.31,4,3
1.59,2.75,-0.67,4,3
0.49,-0.49,-1.89,4,3
0.55,1.1,-0.37,4,3
1.16,0.12,0.18,3,2
-0.31,0.55,2.26,3,2
0.43,2.62,0.43,3,2
-0.92,1.1,3.23,3,2
0.24,3.78,-1.1,3,2
-2.14,-0.73,1.89,3,2
-1.16,0.12,-1.22,3,2
1.1,-0.24,-1.65,3,2
0.24,0.12,-1.4,3,2
-0.12,0.49,-1.83,3,2
-0.43,-0.24,-0.18,3,2
1.71,-4.21,-0.06,3,2
-0.73,-0.98,2.44,4,3
0.06,-0.67,0.31,4,3
0.67,0.85,1.28,4,3
0.92,1.1,0.24,4,3
0.79,-0.12,-2.44,3,2
0.37,0.43,0.92,4,3
-0.61,0.49,0.18,4,3
0,0.67,0,4,3
0.12,0.79,1.83,4,3
0.61,3.6,13.18,3,2
0.06,1.16,4.46,5,4
-0.37,0.37,4.03,5,4
-0.43,-0.61,-0.73,5,4
0.18,-0.98,0.37,3,2
0.73,-1.34,0.37,3,2
-0.79,0.24,-1.59,5,4
-0.18,-0.43,-1.83,3,2
1.4,-1.59,-2.26,4,3
-0.31,-2.62,-2.62,4,3
0.31,0.43,1.04,4,3
-0.98,1.34,1.28,4,3
-0.73,1.46,0.31,4,3
-0.73,0.12,0.24,4,3
-0.67,0.61,0.55,4,3
-0.79,-0.24,-0.79,4,3
-0.12,0.31,1.34,4,3
-0.92,0.18,-1.04,4,3
0.06,-0.37,0.12,4,3
-0.43,-0.49,-0.18,4,3
0.31,0,-0.98,4,3
-0.12,-0.55,1.65,3,2
0.43,0.37,-0.31,4,3
0.24,0.55,-0.12,4,3
-0.43,0.85,0.18,4,3
-0.49,0.24,-0.61,3,2
0.49,0.43,1.77,4,3
0.92,0.06,1.04,4,3
0.43,0.06,-0.37,4,3
0.37,-0.31,0.12,4,3
-0.18,14.95,-0.18,4,3
-0.55,0.31,-0.31,3,2
0.12,-0.85,-0.18,4,3
-0.12,-0.67,0.18,4,3
0.12,0.12,-0.85,4,3
1.53,-1.71,-2.08,4,3
-0.61,2.75,1.46,4,3
0.24,1.71,0.06,3,2
0.79,0.85,-0.31,4,3
0.06,-0.98,0.85,4,3
0.98,0.67,5.37,3,2
0.31,0.18,1.71,3,2
-0.73,0.55,-0.24,4,3
0.31,1.53,-1.22,4,3
0.55,1.77,-1.77,5,4
0.18,2.32,-1.46,5,4
0.43,1.1,-0.31,5,4
0.31,1.1,-1.16,5,4
0.55,0.55,0.37,5,4
0.73,0.31,1.4,5,4
0.49,-3.66,0.67,5,4
5.92,-5,-2.01,3,2
-1.53,-3.23,-1.77,4,3
-0.92,-0.92,-1.28,4,3
0.61,0.61,-0.06,4,3
0.85,-0.37,-0.24,4,3
1.28,1.77,0.67,4,3
1.28,-0.67,-0.61,4,3
0.43,0.55,-0.31,4,3
-0.49,0.61,0.24,4,3
0.12,0.73,-0.12,4,3
-0.37,0.06,-0.67,4,3
-0.61,0.37,-0.98,4,3
-0.12,-1.34,0.06,4,3
0.43,-0.37,0.06,4,3
-0.49,0.24,2.01,4,3
0.31,0.85,0.92,4,3
0.31,0.61,0.18,4,3
-0.43,-0.61,0.37,4,3
-0.73,0.55,-0.31,4,3
0.49,0.06,1.1,4,3
-0.55,-0.37,-0.98,4,3
0.18,-0.73,0.12,4,3
0.61,-0.12,0.98,4,3
-0.06,0.31,0.06,4,3
0.31,0.37,-0.06,4,3
0.73,-0.12,-0.24,4,3
-0.18,-0.67,-0.92,4,3
-1.28,1.34,1.16,4,3
-0.37,-0.18,-0.79,4,3
0.31,0.24,-0.79,4,3
0.43,-0.43,-1.65,4,3
0,-0.06,-0.61,4,3
-0.06,0.06,0.37,4,3
1.4,-0.18,0.61,4,3
0.24,0.67,-0.18,4,3
0.43,0.67,0.79,4,3
0.67,0.43,0.12,4,3
1.22,0.73,15.32,4,3
0.24,0.31,0.92,4,3
0.31,-0.12,0.24,4,3
0.98,0.92,-0.18,4,3
-0.67,1.22,0.31,4,3
-2.38,0.98,0.31,4,3
-1.89,1.16,-1.28,4,3
0.49,0.24,-0.61,4,3
0.67,-0.37,0.98,4,3
-0.98,0,-1.34,4,3
-0.06,-0.43,1.95,4,3
0.85,-0.43,-0.61,4,3
0.85,-0.31,-1.65,4,3
0.24,-0.55,0.12,4,3
0.37,0.85,-0.31,4,3
0,0.79,-0.61,4,3
0.92,0.18,0.49,4,3
-0.85,0.37,0,4,3
-0.24,0.06,-1.34,4,3
0.85,-0.37,0.06,4,3
0.12,-0.06,0.31,4,3
0.85,0.49,0.06,4,3
0.37,0.67,-0.31,4,3
0.24,0.37,-0.18,4,3
0.18,-0.98,-1.83,4,3
0.55,-1.28,0.49,4,3
0.06,0.49,-0.18,4,3
-0.55,1.1,-0.61,4,3
2.08,-0.06,0.06,4,3
0.37,0.18,-0.55,4,3
-0.12,0,-0.79,4,3
0.43,-0.49,0.98,4,3
0,0.61,-0.61,4,3
-0.85,0.31,-0.73,4,3
0.49,-0.18,0.79,4,3
0.31,-0.73,-0.55,4,3
0.37,-0.55,-1.1,4,3
-0.06,0.31,-0.06,4,3
0.98,-0.49,1.53,4,3
1.59,0.49,-0.73,3,2
-0.79,0.24,-0.98,4,3
1.59,-0.18,-1.16,4,3
-1.1,0.92,-0.06,4,3
0.61,-0.49,-0.73,4,3
0.55,-0.43,-0.24,4,3
0.49,1.04,-1.4,4,3
0.79,0,-0.24,4,3
0.49,0,-0.06,4,3
0.12,0.24,-0.37,4,3
0.37,0.24,-0.37,4,3
0.98,0.67,1.1,4,3
-0.18,-0.06,-0.37,4,3
0.67,15.5,0.98,4,3
0.24,-0.73,-0.85,4,3
-0.92,-1.22,-2.69,4,3
0,-1.34,-1.53,4,3
-1.34,-0.61,1.53,4,3
-0.73,0.31,-0.24,4,3
0.37,-0.55,-0.55,4,3
-1.04,-0.55,0.73,4,3
0.31,-0.37,0.61,4,3
0.06,-0.43,-0.31,4,3
0.31,-0.67,-0.12,4,3
0.31,-0.85,-0.24,4,3
-0.18,-0.18,-1.1,4,3
-0.43,-0.61,-0.43,4,3
-0.06,1.04,0.85,4,3
0.31,-0.06,-0.92,4,3
0.24,0.92,0.31,4,3
-0.18,-0.49,-0.73,4,3
0.18,0.18,0,4,3
0.18,-0.43,-0.12,4,3
-0.31,-0.06,-0.37,4,3
-0.18,-0.67,-0.24,4,3
0.12,-0.85,-0.92,4,3
0.92,-0.37,0.37,4,3
0.61,0.06,1.04,4,3
0.92,-0.18,-1.1,4,3
0.49,0,-0.67,4,3
0.31,0.18,0.79,4,3
2.08,0.49,0.92,4,3
-1.53,0.98,-0.55,4,3
3.85,-0.98,0.12,4,3
-0.24,-0.31,0.06,4,3
0.49,0.49,0.06,4,3
0,-0.06,0.55,4,3
-0.43,0.12,-1.04,4,3
0.43,0.55,15.56,4,3
0.18,-0.24,-0.79,4,3
0.49,0,1.22,4,3
0.24,0.06,0.06,4,3
0.61,-0.49,-0.55,4,3
0.43,-0.24,-0.67,4,3
0.73,0.18,-0.37,4,3
0.55,0.18,-0.92,3,2
-0.55,0.43,-1.83,4,3
0.49,-1.4,-0.73,4,3
0.67,-0.85,0.18,4,3
-0.49,0.79,-0.49,4,3
0.49,0.37,0.24,4,3
-0.31,-0.85,-1.71,4,3
1.28,1.28,0.61,4,3
0.73,-0.85,-1.28,4,3
0.12,-0.98,-0.31,4,3
0.85,-0.12,0.49,4,3
0.37,-0.49,-0.98,4,3
0.12,-0.67,0.37,4,3
-0.18,-0.18,0.12,4,3
0.43,0.06,0.73,4,3
0.55,0.37,-1.16,4,3
-0.18,-0.31,-0.31,4,3
-0.49,-0.79,-1.22,4,3
0.06,-0.79,-1.22,4,3
-0.12,-0.67,0.61,4,3
0,0.31,0,4,3
0.18,-0.37,0.24,4,3
1.16,-0.24,0.37,4,3
-0.06,0.49,-0.92,4,3
-0.31,-0.73,-0.79,4,3
0.43,-0.18,-0.37,4,3
0.92,-0.12,0.67,4,3
0.92,-0.12,-0.49,4,3
-0.24,-0.37,-1.46,4,3
0.61,-0.18,0.18,4,3
0.67,0.06,-0.43,4,3
0.18,-0.06,-0.55,4,3
0.37,-0.43,-1.34,4,3
0.43,0,-0.31,4,3
0.43,0.67,0.61,4,3
-0.49,0.18,-1.95,4,3
-0.06,0.18,-0.79,4,3
0.24,0.85,-0.12,4,3
-0.31,-1.65,-0.67,4,3
0.61,0.67,-0.37,4,3
0.49,0.31,-0.55,4,3
0.06,0.49,-0.98,4,3
0.67,-0.55,-0.18,4,3
0,0.18,-0.18,4,3
0.92,-0.49,0.67,4,3
0.06,-0.18,0.18,4,3
0.31,1.28,0.12,4,3
0.43,0.06,1.1,4,3
-0.49,0.24,-0.92,4,3
0.43,0.12,-1.04,4,3
0.61,-0.61,-1.1,4,3
1.04,0,-0.61,4,3
-0.06,-0.43,-2.01,4,3
0.37,-0.06,-0.18,4,3
0.06,0.18,-0.49,4,3
0.55,0.49,0.61,4,3
0.43,-0.06,0.37,4,3
0.18,-0.43,-0.98,4,3
-0.49,0.37,-0.18,4,3
0.37,0.55,0,4,3
0.18,0.49,-0.67,4,3
0.55,-0.37,0,4,3
0.31,-0.24,-0.06,4,3
-0.61,0.85,-1.04,4,3
-0.06,-0.55,15.5,4,3
0.31,-0.31,-0.43,4,3
-0.31,-0.43,-1.95,4,3
0.79,0.73,0.85,4,3
1.71,3.6,-2.99,4,3
0.37,1.46,-0.73,3,2
0.12,0.49,0.43,3,2
0,-0.06,-0.24,3,2
0.06,-0.18,-0.18,3,2
-0.06,-1.59,0.55,3,2
0.24,0.24,0,3,2
0.12,0.24,0.37,3,2
0.18,0.79,0.98,3,2
0.73,-0.37,0.06,3,2
-0.67,0.61,-1.77,5,4
0.31,2.32,-15.63,5,4
-0.31,0.43,-0.85,5,4
0.31,0.92,0.43,5,4
0.24,0.85,-0.61,5,4
-0.98,1.71,0.67,5,4
0.67,0.79,-0.79,5,4
0.67,0.49,-0.73,5,4
0.49,-0.98,0.55,5,4
-0.12,-0.37,0.06,5,4
-0.31,-0.24,-0.67,5,4
-0.85,-0.06,-1.1,5,4
-0.06,0.31,0.24,5,4
-0.24,0.18,0.12,5,4
-0.18,-0.98,-1.34,5,4
1.28,-2.62,-0.12,5,4
1.16,-0.98,0.31,5,4
-0.61,-1.46,2.99,4,3
-0.55,-4.64,0.43,4,3
-1.16,-1.53,-1.89,4,3
0.49,-1.04,-1.28,4,3
0.24,0.79,1.28,4,3
0.73,0.79,0.12,4,3
-0.12,0.43,1.1,4,3
1.34,-0.61,-0.85,4,3
0.37,-0.49,-0.85,4,3
0,-0.85,-1.16,4,3
-0.24,0.37,-0.24,4,3
-0.31,0.67,-0.06,4,3
-0.49,0.98,-1.71,4,3
1.46,1.1,-0.37,4,3
0.06,0.31,0.49,4,3
-0.12,-0.49,-1.89,4,3
-1.16,0.18,-0.79,4,3
-0.06,-0.37,-0.85,4,3
0.06,0.92,0.24,4,3
0,-0.24,0.06,4,3
0.61,-1.16,-0.61,4,3
0.37,-0.12,0.12,4,3
-0.31,0.49,0.24,4,3
-0.12,0.43,0.18,4,3
-0.43,-0.61,-1.34,4,3
0.06,-0.49,-0.55,4,3
0.55,0.12,0.12,4,3
0,0.18,1.16,4,3
0.67,-0.49,-1.34,4,3
0.49,0.12,0.24,4,3
-0.31,-0.37,-0.98,4,3
0.43,0.49,0.92,4,3
-1.4,0.49,-1.34,4,3
0.12,0.49,-0.79,4,3
0.31,-1.28,1.46,4,3
-0.79,0.79,0.67,4,3
0.67,-1.1,1.77,4,3
-0.24,-1.16,0.67,4,3
0.73,-1.59,0.61,4,3
1.16,1.46,-0.79,4,3
0.37,-1.1,-2.5,4,3
0.73,-1.34,0.06,4,3
-0.79,-0.18,-1.65,3,2
1.65,0.37,-0.43,4,3
0.24,0.49,0.06,4,3
-1.77,0.43,-1.53,4,3
1.46,-0.49,0.85,4,3
0.31,1.4,0.12,3,2
-0.61,-0.55,0.18,4,3
-0.43,1.04,-1.04,4,3
1.34,-1.28,-0.98,4,3
1.16,-1.1,0.55,4,3
-0.24,0.24,0.12,4,3
0.79,1.1,-0.85,4,3
-0.06,3.54,-1.04,3,2
-0.43,1.28,-1.77,3,2
0.12,0.67,-0.18,3,2
0.06,0,1.34,3,2
-0.24,-1.16,-0.12,3,2
0.18,0.49,-1.04,5,4
1.1,3.42,0.31,5,4
-0.24,-1.22,0.67,5,4
0.79,0.79,-0.18,5,4
-0.06,-0.49,-0.85,5,4
0.43,0.73,-0.61,5,4
0.31,0.37,-0.85,5,4
-0.06,-0.18,-0.43,5,4
0.61,-0.37,-0.43,5,4
0.37,-0.24,-0.06,5,4
0.67,0.18,0.37,5,4
0.61,0.67,0.73,5,4
-0.06,-0.37,-0.79,5,4
0.67,0.12,0.12,5,4
1.28,0.18,0.24,5,4
-0.31,0.43,-0.12,5,4
0.43,0.37,-0.43,5,4
0.18,-0.24,-1.65,5,4
0.37,-0.12,0.55,5,4
0.43,-0.73,0.55,5,4
-0.49,-0.49,-1.77,5,4
0.18,-0.55,0.37,5,4
0.06,0.06,-1.28,5,4
0.31,0.12,-0.67,5,4
0.06,0.12,0,5,4
0.18,0.12,-0.12,5,4
0.49,0.79,0.24,5,4
0.49,0.43,0.06,5,4
-0.06,1.65,-3.85,5,4
0.06,1.1,1.65,5,4
-0.06,1.34,-0.18,5,4
1.59,-9.95,4.64,5,4
-1.77,-4.58,-1.71,3,2
-0.18,-2.32,-2.08,4,3
0.31,-0.67,-2.14,4,3
-0.61,0.12,-1.4,4,3
-0.92,0.98,0,3,2
-0.31,0.92,-1.28,3,2
-0.43,-0.43,1.71,3,2
0.98,-0.24,2.01,4,3
-0.85,-0.85,0.55,4,3
0.92,-1.46,-0.73,4,3
0,0,0.31,4,3
0.12,0.85,-0.18,4,3
1.1,0.85,-2.38,3,2
1.1,0.12,0.98,3,2
0.67,-0.37,0.18,3,2
0.31,-0.85,-1.4,4,3
0.61,-0.73,0.98,4,3
-0.37,-1.28,-1.46,4,3
-0.18,-1.28,-1.59,4,3
0.43,-1.04,-0.67,4,3
1.46,-2.08,-1.83,4,3
0.92,0.37,0,4,3
0.12,0.24,-1.4,4,3
0.37,-0.37,0.43,4,3
1.53,-0.37,-0.31,4,3
0.79,-1.16,0.06,4,3
0.31,-1.22,-0.55,4,3
0.55,-0.85,-0.18,4,3
-0.61,0.73,0.31,4,3
-0.43,-0.67,-0.85,4,3
0.73,-0.31,1.89,4,3
0.18,1.16,1.1,4,3
-0.43,0.55,-1.89,4,3
0.49,-0.85,-1.22,4,3
-0.31,-1.1,-1.04,4,3
0.85,0.18,-0.55,4,3
0.67,0.24,0.55,4,3
1.04,0.67,0.85,4,3
0.79,0.06,-1.16,4,3
-0.18,0.12,0.12,4,3
-0.43,0.12,-2.32,4,3
0.92,0.79,0.98,4,3
0.79,-0.31,0.31,4,3
1.22,-0.55,-0.31,4,3
-0.43,0.61,0,4,3
0.37,0.31,-0.24,4,3
-0.73,-0.43,-1.83,4,3
-0.67,0.37,0.49,4,3
0,-0.67,0.43,4,3
0.43,0.92,-0.18,4,3
0.98,-0.06,0.12,4,3
-0.06,-0.67,0,4,3
0.12,-0.31,-0.55,4,3
0.12,0.37,-0.31,4,3
0.61,-0.92,-0.06,4,3
0.67,0.43,0.98,4,3
0.49,0.24,-0.12,4,3
-1.04,0.43,-0.06,4,3
0.49,-0.61,-1.28,4,3
1.1,-0.06,-0.55,4,3
0.61,-0.24,-0.79,4,3
-0.12,-1.22,-1.83,4,3
-0.18,-0.12,-0.12,4,3
-0.12,0.92,0.43,4,3
-1.89,-0.85,0.98,4,3
0.18,-0.49,0.18,4,3
-0.37,1.04,0,3,2
-0.06,0.24,0.06,4,3
-0.37,0.12,0.98,4,3
0.06,0,-0.31,4,3
0.12,0.61,0.67,4,3
-0.55,0.18,-0.37,3,2
0.06,0,0.49,4,3
0.37,0.18,-0.12,4,3
0.67,0.18,0.37,4,3
0.49,0.24,0.67,4,3
0.12,0.43,-0.55,4,3
0.37,-0.37,-1.28,4,3
0.67,0.37,-0.61,4,3
0.24,-0.92,-0.12,4,3
0.98,-0.67,0.06,4,3
0.12,-0.85,-0.37,4,3
0.31,0.67,-1.04,4,3
-0.18,-0.73,2.08,3,2
-1.16,0.85,0.37,4,3
-0.43,-0.49,0.61,4,3
-0.12,-0.31,-0.55,4,3
-0.98,0.73,-0.43,4,3
0.06,-0.55,-0.49,4,3
0.12,-0.06,-0.61,4,3
1.22,-1.1,1.04,4,3
-0.24,-0.43,-0.24,4,3
0.06,0.31,-0.37,4,3
-0.37,-0.43,-0.61,4,3
0.24,0.49,-0.49,4,3
0.24,-0.24,-0.98,4,3
0.18,-0.06,0,4,3
0.43,0.31,-0.61,4,3
1.04,-0.43,0.55,3,2
-0.55,0.18,-0.92,4,3
0.61,0.06,0.31,4,3
0.43,0.61,0.98,4,3
-0.06,0.18,0,4,3
-0.12,0.73,-1.04,4,3
-0.61,0.31,0.85,4,3
0.18,0.92,0.43,3,2
0.24,0,0.55,3,2
-0.61,-0.92,0.24,3,2
-0.85,-0.55,-0.43,4,3
1.16,-1.59,1.34,4,3
0.18,1.16,-2.56,4,3
0.85,-1.95,-0.49,4,3
-0.67,-1.04,0.79,3,2
0.06,0.24,0.49,4,3
-0.31,-0.92,-0.49,4,3
0.55,-0.37,-0.73,3,2
-0.12,0.31,-0.06,4,3
-0.12,0.92,-0.31,4,3
0.49,-0.92,0.31,4,3
-0.55,-1.4,-1.04,4,3
0.67,-0.24,-0.85,4,3
0.67,-0.31,-0.73,4,3
0.73,0.67,1.1,4,3
0.49,-0.85,-0.43,4,3
0.18,0,-0.24,4,3
0.12,-0.18,1.59,4,3
0.61,-0.12,-0.92,4,3
0.92,-0.31,-1.04,4,3
-1.22,0.61,-0.85,4,3
0.43,-0.12,0.31,4,3
17.43,19.1,-21.08,1,0
17.15,18.92,-21.34,1,0
17.36,18.9,-21.11,1,0
17.13,18.43,-21.51,1,0
17.46,18.31,-21.48,1,0
17.09,18.26,-21.68,1,0
17.41,17.85,-22.49,1,0
17.58,18.53,-21.35,1,0
17.38,18.37,-20.98,1,0
17.2,17.83,-23.23,1,0
17.65,17.4,-20.79,1,0
17.81,17.7,-21.56,1,0
16.65,18.07,-22.3,1,0
17.49,17.92,-21.86,1,0
17.22,17.5,-22.31,1,0
17.05,17.92,-21.5,1,0
17.4,17.24,-21.14,1,0
16.98,17.35,-21.87,1,0
17.04,17.66,-21.86,1,0
17.14,17.64,-22.47,1,0
17.26,18.25,-22.39,1,0
17.72,17.8,-22.57,1,0
17.11,17.55,-22.6,1,0
16.96,17.43,-21.57,1,0
17.38,17.71,-21.52,1,0
17.15,17.8,-22.2,1,0
17.24,17.88,-22.06,1,0
16.97,17.36,-23.27,1,0
17.31,17.05,-21.46,1,0
17.08,17.59,-21.41,1,0
16.91,17.82,-22.57,1,0
16.66,18.01,-22.19,1,0
17.57,18.01,-22.08,1,0
16.64,17.77,-22.79,1,0
16.92,17.81,-22,1,0
17.19,17.43,-21.37,1,0
16.52,17.74,-21.61,1,0
16.75,17.16,-21,1,0
17.25,17.57,-20.59,1,0
17.07,17.32,-22.05,1,0
16.94,17.43,-20.91,1,0
17.46,16.89,-21.4,1,0
16.98,16.36,-23.18,1,0
17.09,16.61,-21.62,1,0
17.6,16.38,-20.95,1,0
17.22,15.98,-21.66,1,0
17.36,15.72,-22.52,1,0
17.41,15.6,-21.58,1,0
17.32,15.87,-22.16,1,0
16.98,15.47,-22.77,1,0
17.35,15.42,-22.23,1,0
17.11,15.31,-23.75,1,0
16.7,15.69,-21.59,1,0
17.43,15.19,-22.09,1,0
16.98,15.78,-23.01,1,0
17.09,16.09,-21.37,1,0
17.48,15.92,-21.3,1,0
16.99,15.93,-21.92,1,0
17.03,15.47,-22.14,1,0
17.55,15.76,-20.43,1,0
17.16,15.21,-21.3,1,0
17.6,16.02,-21.12,1,0
17.37,16.14,-21.04,1,0
17.2,16.05,-21.37,1,0
17.35,16.63,-20.63,1,0
16.58,16.13,-21.44,1,0
17.13,16.33,-22.77,1,0
17,15.42,-22.57,1,0
17.18,15.8,-22.17,1,0
17.46,15.08,-21.85,1,0
16.69,16.13,-22.77,1,0
17.19,15.47,-21.48,1,0
16.71,15.89,-22.07,1,0
17.4,15.83,-22.52,1,0
16.63,15.53,-22.64,1,0
16.72,15.7,-21.74,1,0
16.94,16.05,-22.61,1,0
16.78,16.08,-22.53,1,0
17.08,15.84,-22.46,1,0
16.69,15.34,-22.17,1,0
16.83,15.54,-22.49,1,0
16.24,16.09,-21.56,1,0
16.22,16.16,-22.25,1,0
16.69,16.36,-22.08,1,0
16.52,15.87,-21.66,1,0
17.16,16.09,-23.07,1,0
16.89,16.65,-21.4,1,0
17.08,16.43,-21.4,1,0
16.71,16.72,-23.27,1,0
17.26,16.32,-21.55,1,0
16.66,16.05,-21.77,1,0
16.58,16.27,-22.58,1,0
16.82,16.61,-22.01,1,0
17.48,16.55,-21.23,1,0
16.54,16.6,-21.33,1,0
16.91,16.82,-20.89,1,0
16.99,16.3,-21.48,1,0
17.2,16.48,-22.86,1,0
17.8,15.93,-21.11,1,0
17.5,16.1,-21.46,1,0
17.25,16.31,-21.35,1,0
16.72,16.44,-22.58,1,0
17,16.91,-20.92,1,0
17.79,16.78,-22.44,1,0
17.13,16.82,-21.46,1,0
16.46,16.83,-21.25,1,0
17,16.87,-21.03,1,0
16.94,16.88,-21.22,1,0
16.56,17.04,-21.85,1,0
16.91,17.03,-21.19,1,0
16.91,16.69,-21.34,1,0
17.18,17.18,-22.38,1,0
16.93,16.94,-21.4,1,0
16.94,16.64,-22.13,1,0
17.22,16.71,-21.41,1,0
16.87,16.33,-23.12,1,0
17.07,15.67,-22.84,1,0
17.31,13.81,-22.69,1,0
16.49,10.51,-22.34,5,4
17.26,10.78,-22.56,1,0
17.29,11.54,-21.7,1,0
16.98,12.29,-23.13,1,0
17.16,12.39,-23.17,1,0
16.93,12.37,-22.39,1,0
16.87,12.24,-21.73,1,0
16.75,12.6,-23.02,1,0
16.65,11.27,-21.96,1,0
17.3,7.51,-21.7,5,4
17.93,-7.13,-18.53,5,4
20.17,-18.27,-6.13,3,2
19.78,-19.36,5.42,5,4
21.66,-18.23,18.37,5,4
26.54,-10.07,31.49,5,4
24.43,-3.44,33.83,5,4
21.69,-2.21,33.01,2,1
19.75,5.82,33.86,2,1
18.04,12.24,34.94,5,4
17.72,10.89,33.96,5,4
18.57,10.71,33.69,2,1
17.9,10.8,33.64,2,1
17.11,10.85,33.63,5,4
17.22,10.56,33.87,5,4
17.24,12.66,35.02,5,4
16.36,11.01,33.17,5,4
14.79,10.69,32.19,2,1
14.54,7.23,31.75,2,1
15.39,7.28,31.88,2,1
16.05,8.29,32.97,2,1
15.93,9.81,32.91,2,1
15.87,10.27,33.48,2,1
15.48,10.82,32.35,2,1
15.25,11.3,31.86,2,1
15.03,11.36,32.53,2,1
15.21,10.74,32.92,2,1
15.5,11.3,33.2,2,1
15.26,11.34,33.65,2,1
15.41,11.08,33.72,2,1
15.34,11.15,32.42,2,1
15.61,10.89,31.97,2,1
15.44,10.78,33.04,2,1
15.28,11.04,33.15,2,1
15.92,10.64,32.6,2,1
16.25,11.23,32.51,2,1
15.63,11.61,32.24,2,1
15.43,11.04,32.78,2,1
15.63,11.57,32.79,2,1
15.61,11.07,32.04,2,1
15.72,11.18,32.92,2,1
15.94,11.11,32.41,2,1
15.47,10.75,32.54,2,1
15.76,11.01,33.2,2,1
15.83,11.34,33.69,2,1
16.44,11.51,32.79,2,1
15.82,11.72,33.61,2,1
16.3,11.87,32.84,2,1
16.19,11.67,32.98,2,1
15.45,11.38,33.3,2,1
15.77,11.67,33.57,2,1
15.97,11.22,33.76,2,1
15.93,12.06,32.97,2,1
15.39,11.6,32.19,2,1
15.78,11.41,32.53,2,1
15.63,11.56,32.02,2,1
16.03,11.71,32.36,2,1
15.38,11.4,33.34,2,1
15.53,11.22,33.51,2,1
15.92,11.73,32.97,2,1
15.86,11.55,32.19,2,1
14.9,10.8,33.33,2,1
15.42,11.33,31.77,2,1
15.75,11.6,31.75,2,1
15.92,11.45,32.78,2,1
15.41,11.67,32.9,2,1
15.42,11.61,32.5,2,1
15.77,11.73,31.53,2,1
15.26,11.83,32.86,2,1
15.16,11.63,31.7,2,1
15.23,11.27,32.02,2,1
15.69,11.32,32.45,2,1
16.1,12.22,32.5,2,1
15.52,12.01,32.57,2,1
15.54,11.56,31.42,2,1
15.43,11.19,32.12,2,1
14.9,11.82,33.68,2,1
15.5,11.46,33.67,2,1
16.27,11.89,32.89,2,1
15.58,11.91,32.92,2,1
15.77,11.49,33.62,2,1
15.82,11.39,33.48,2,1
15.81,11.69,32.79,2,1
15.65,11.34,33.09,2,1
15.21,11.71,32.98,2,1
15.39,11.36,32.78,2,1
15.15,11.54,32.95,2,1
15.82,11.63,33.23,2,1
15.71,11.55,32.46,2,1
15.27,11.38,32.64,2,1
15.69,11.47,33.59,2,1
15.45,11.82,32.56,2,1
15.03,11.73,32.75,2,1
15.14,11.67,32.95,2,1
15.26,11.44,33.62,2,1
15.17,11.45,32.75,2,1
14.84,11.54,33.01,2,1
14.79,11.85,31.65,2,1
15.08,11.15,32.9,2,1
15.73,11.58,33.48,2,1
15.48,12.01,33.08,2,1
15.41,11.22,31.85,2,1
14.99,11.96,33.09,2,1
15.34,11.84,32.96,2,1
15.61,11.55,32.3,2,1
14.94,11.82,31.62,2,1
15.05,11.47,31.32,2,1
15.81,11.45,33.52,2,1
15.27,11.47,32.2,2,1
15.42,11.63,31.96,2,1
14.6,11.52,32.17,2,1
15.19,11.83,32.04,2,1
15.09,11.06,32.21,2,1
14.71,11.1,31.56,2,1
15.12,10.66,33.44,2,1
14.64,10.06,32.97,2,1
14.03,10.23,32.29,2,1
14.62,9.78,32.9,2,1
14.5,9.38,32.98,2,1
14.04,8.18,33.39,2,1
13.42,5.76,31.38,2,1
13.11,0.39,28.65,5,4
13.22,-10.34,19.35,5,4
14.44,-15.73,11.68,5,4
16.22,-18.37,5.08,3,2
17.2,-18.71,0.29,3,2
18.41,-19.32,-1.78,5,4
18.01,-19.2,-1.09,3,2
18.26,-19.51,-0.57,3,2
18.49,-19.4,-0.34,3,2
17.68,-18.82,0.78,3,2
17.46,-19.19,0.92,3,2
17.69,-18.57,0.92,3,2
16.99,-18.77,-0.45,3,2
17.99,-18.96,0.51,3,2
17.64,-18.66,0.93,3,2
17.08,-18.41,-0.31,3,2
16.91,-18.97,-0.7,3,2
17.82,-18.92,0.34,3,2
17.26,-18.87,1.16,3,2
17.3,-18.55,0.73,3,2
17.54,-18.25,-0.07,3,2
17.68,-18.68,-0.13,3,2
17.5,-18.27,1.16,3,2
17.26,-18.43,0.83,3,2
16.89,-18.68,1.11,3,2
17.36,-18.55,1.46,3,2
17.32,-18.38,0.68,3,2
17.14,-18.7,1.14,3,2
16.81,-18.51,0.38,3,2
17.6,-18.58,0.44,3,2
17.72,-18.08,0.92,3,2
17.03,-18.87,1.17,3,2
17.29,-19.01,0.62,3,2
17.41,-19.06,1.39,3,2
17,-18.59,0.87,3,2
17.21,-19.04,1.49,3,2
17.33,-18.3,1.59,3,2
17.36,-18.82,0.99,3,2
17.5,-18.46,0.6,3,2
17.57,-18.81,1.59,3,2
17.66,-19.17,1.37,3,2
17.36,-18.81,1.57,3,2
17.37,-19.47,1.38,3,2
18.01,-19.15,1.48,3,2
17.42,-18.65,1.73,3,2
16.81,-18.9,1.16,3,2
17.61,-18.2,0.77,3,2
17,-18.68,1.57,3,2
17.25,-18.77,1.46,3,2
16.86,-18.44,1.26,3,2
16.81,-18.54,0.96,3,2
16.88,-18.37,0.61,3,2
17.07,-18.21,1.18,3,2
17.1,-18.62,1.21,3,2
17.13,-18.44,0.44,3,2
17.31,-18.44,1.72,3,2
17.2,-18.66,1.7,3,2
17.69,-18.71,1.7,3,2
17.4,-18.65,1.6,3,2
17.07,-19.32,1.29,3,2
17.19,-18.76,2.03,3,2
17.64,-18.43,1.68,3,2
17.74,-18.55,1.43,3,2
17.68,-18.58,0.56,3,2
17.32,-19.35,2.2,3,2
17.82,-18.48,1.51,3,2
17.14,-18.65,1.68,3,2
17.18,-18.74,0.27,3,2
17.4,-19.08,2.01,3,2
16.71,-18.8,1.11,3,2
17.29,-18.43,1.53,3,2
17.36,-18.16,1.5,3,2
17.3,-18.54,1.5,3,2
16.99,-18.87,1.99,3,2
17.42,-18.62,0.85,3,2
17.11,-18.57,1.97,3,2
16.99,-18.66,2.27,3,2
16.24,-18.76,1.1,3,2
16.94,-19.3,2.21,3,2
17.18,-18.85,1.33,3,2
16.58,-18.52,1.92,3,2
17.16,-18.55,0.9,3,2
17.33,-18.19,1.64,3,2
17.55,-18.54,0.85,3,2
16.72,-19.56,1.79,3,2
17.65,-18.68,1.33,3,2
17.24,-18.85,1.5,3,2
17.15,-18.85,1.66,3,2
17.03,-18.71,2,3,2
17.13,-18.63,1.21,3,2
17.15,-19.2,1.37,3,2
17.07,-18.81,1.37,3,2
17.59,-19.14,1.76,3,2
17.31,-18.9,0.92,3,2
17.15,-18.62,1.4,3,2
17.3,-19.62,1.09,3,2
16.83,-19.1,1.94,3,2
16.93,-18.88,1.66,3,2
17.32,-19.06,2.64,3,2
17.61,-18.85,1.73,3,2
17.24,-18.8,1.29,3,2
17.33,-19.17,1.22,3,2
17.31,-18.91,1.05,3,2
17.32,-19.51,1.97,3,2
17.3,-19.06,1.65,3,2
17.3,-18.97,1.45,3,2
17.49,-18.69,2.06,3,2
17.4,-18.88,2.7,3,2
17.31,-18.69,2.11,3,2
16.92,-18.66,1.7,3,2
16.93,-19.71,1.34,3,2
16.83,-18.82,2.62,3,2
17.15,-19.24,2.11,3,2
17.31,-18.73,1.77,3,2
17.08,-19.34,2.72,3,2
17.65,-19.3,1.31,3,2
17.32,-19.27,1.59,3,2
17.61,-19.59,0.56,3,2
17.26,-18.86,0.46,3,2
17.32,-19.46,0.82,3,2
17.68,-19.02,1.84,3,2
17.44,-19.47,2.08,3,2
17.5,-18.96,1.42,3,2
17.72,-18.82,1.16,3,2
16.04,-18.4,2.16,3,2
16.71,-18.59,4.54,3,2
17.82,-19.38,4,3,2
17.44,-20.01,4.58,3,2
17.15,-18.77,4.31,3,2
17.6,-20,4.85,3,2
18.79,-19.97,4.53,5,4
18.03,-19.95,4.16,3,2
17.59,-18.74,-1.95,3,2
16.56,-15.94,-6.65,5,4
16.38,-11.74,-12.12,5,4
17.2,-10.96,-13.39,5,4
17.29,-10.31,-16.04,5,4
17.16,-10.08,-15.23,5,4
16.6,-9.89,-15.1,5,4
16.35,-10.86,-14.94,5,4
16.76,-10.96,-14.44,5,4
17.1,-10.86,-15.6,5,4
17.41,-10.9,-14.83,5,4
17.44,-11.69,-12.88,5,4
17.33,-11.87,-13.55,5,4
17.16,-12.41,-13.16,5,4
16.94,-11.05,-13.94,5,4
17.26,-11.25,-15.42,5,4
17.41,-11.6,-14.89,5,4
16.6,-11.38,-13.5,5,4
17.16,-10.97,-14.5,5,4
16.66,-11.84,-13.92,5,4
17.04,-11.88,-14.26,5,4
17.19,-11.69,-13.76,5,4
17.38,-12.11,-13.53,5,4
17.76,-11.23,-13.98,5,4
17.75,-11.17,-13.95,5,4
17.88,-11.43,-14.56,5,4
18.01,-11.32,-14.43,5,4
17.22,-10.72,-14.65,5,4
17.69,-10.93,-13.84,5,4
17.88,-11.24,-14.2,5,4
17.43,-11.1,-14.14,5,4
17.66,-10.97,-14.22,5,4
16.87,-10.39,-15.06,5,4
17.04,-9.53,-15.42,5,4
17.19,-9.35,-16.35,5,4
17.21,-8.89,-16.58,5,4
17.15,-8.57,-17.02,5,4
17.65,-8.68,-16.6,5,4
17.36,-8,-17.9,5,4
17.38,-7.03,-18.02,5,4
17.46,-7.02,-18.77,5,4
17.92,-5.91,-19.17,5,4
17.42,-4.75,-20.51,5,4
18.27,-3.81,-21.37,5,4
18.32,-2.72,-20.65,5,4
17.85,-1.07,-20.9,5,4
18.26,-0.16,-22.34,5,4
18.12,2.1,-23.33,5,4
18.75,4.31,-22.38,5,4
19.03,6.47,-23.62,5,4
18.62,10.35,-24.6,1,0
18.68,12.95,-23.83,1,0
18.6,13.79,-23.79,1,0
18.53,16.28,-24.71,1,0
19.24,16.49,-24.49,1,0
18.82,16.28,-23.88,1,0
19.21,15.81,-23.5,1,0
18.63,16.48,-23.32,1,0
18.96,16.86,-24.07,1,0
19.06,16.89,-24.04,1,0
18.79,16.48,-23.91,1,0
18.9,17.96,-23.63,1,0
19.17,18.58,-23.58,1,0
19.41,21.51,-22.25,5,4
19.57,23.25,-21.63,5,4
19.68,24.54,-21.59,5,4
19.73,24.77,-21.51,5,4
19.8,25.05,-20.42,5,4
19.35,24.93,-21.41,5,4
19.87,25.81,-22.09,5,4
19.96,25.87,-20.31,5,4
19.68,26.76,-21.23,5,4
19.95,26.97,-19.96,5,4
19.64,27.21,-19.35,5,4
20.34,27.65,-19.59,5,4
19.97,27.44,-18.77,5,4
19.59,27.28,-19.46,5,4
19.93,27.87,-18.73,5,4
19.98,28.14,-19.57,5,4
20.26,28.69,-19.08,5,4
20.23,29.53,-18.35,5,4
19.52,29.88,-20.1,5,4
19.89,30.36,-18.68,5,4
19.91,29.82,-17.75,5,4
19.86,30.86,-17.72,5,4
19.74,31.48,-17.3,5,4
19.96,31.76,-16.44,5,4
19.92,32.17,-16.7,5,4
20.13,32.74,-15.55,5,4
20.04,33.28,-15.82,5,4
20.02,32.74,-15.94,5,4
20.3,33.52,-15.99,5,4
19.69,33.4,-15.73,5,4
19.4,33.34,-15.25,5,4
19.64,34.12,-14.7,5,4
20.29,34.4,-15.55,5,4
19.2,34.63,-13.28,5,4
19.76,35.5,-13.02,5,4
20.5,35.78,-12.28,5,4
19.85,36.11,-11.87,5,4
20.41,37.38,-11.49,5,4
19.68,36.69,-10.06,5,4
19.56,37.24,-10.61,5,4
19.47,37.72,-8.84,5,4
20.03,38.75,-8.04,5,4
19.29,38.79,-6.97,5,4
20.37,39.75,-4.46,5,4
19.84,40.78,-2.51,5,4
19.46,40.83,-0.23,5,4
19.43,41.36,1.07,5,4
18.95,41.37,3.55,5,4
19.63,40.91,7.06,3,2
18.73,40.15,9.64,3,2
19.37,40.25,10.9,3,2
18.4,39.67,12,3,2
18.04,39.34,12.35,3,2
18.01,38.88,12.33,3,2
18.29,38.84,12.16,3,2
18.14,38.78,12.83,3,2
18.57,38.57,13.44,3,2
18.16,38.84,13.6,3,2
17.98,38.34,14.51,3,2
18.26,39,13.66,3,2
18.05,38.33,12.7,5,4
18.31,39.1,12.81,3,2
18.18,38.85,13.56,5,4
18.03,38.71,13.31,3,2
17.58,38.94,12.78,3,2
18.14,38.24,14.15,3,2
18.37,38.5,14.25,3,2
18.21,38.49,14.33,5,4
17.65,38.26,13.92,5,4
17.4,38.62,13.33,5,4
17.87,38.23,13.96,5,4
17.94,38.87,13.85,5,4
17.99,38.34,14.55,5,4
17.52,38.37,13.88,5,4
17.99,38.51,14.23,5,4
17.61,38.67,13.81,5,4
17.59,38.09,13.67,5,4
17.59,38.44,13.82,5,4
17.53,38.27,14.31,5,4
17.83,38.61,14.28,5,4
18.12,38.4,14.56,5,4
17.57,38.84,13.5,5,4
17.86,38.46,13.51,5,4
18.02,38.67,12.66,5,4
17.79,38.87,14.26,3,2
17.7,37.96,12.96,3,2
17.53,38.49,12.9,5,4
17.77,38.73,14.01,5,4
17.37,38.15,13.29,5,4
17.69,37.84,12.1,3,2
17.88,38.01,12.35,5,4
17.37,38.12,14.78,5,4
17.88,38.11,14.28,5,4
17.79,38.04,13.94,5,4
18.05,38.96,14.05,5,4
17.43,38.09,15.72,5,4
17.76,38.31,15.34,5,4
17.69,37.89,14.76,5,4
18.05,37.9,14.92,5,4
17.91,37.66,15.45,5,4
18.19,37.15,15.34,5,4
17.92,37.3,17.48,5,4
18.66,37.23,16.81,5,4
18.69,36.44,17.54,5,4
19.04,36.34,19.63,5,4
19.74,35.42,22.02,5,4
20.25,36.3,21.06,5,4
19.91,36.5,18.55,5,4
20.32,38.89,15.09,3,2
19.35,39.27,12.48,3,2
19.65,39.58,13.62,3,2
20.19,39.32,15.25,5,4
19.9,39.03,16.09,5,4
20.1,39.32,16.25,5,4
20.64,39.5,14.88,5,4
20.17,39.36,16.61,5,4
19.98,38.92,15.92,5,4
19.86,39.47,16.89,5,4
19.3,39.42,14.28,3,2
19.29,39.64,12.9,3,2
19.04,39.43,11.82,3,2
19.21,39.99,12.77,3,2
19.57,39.82,13.4,3,2
19.52,39.61,12.17,3,2
19.43,39.33,12.28,3,2
19.59,39.81,14.09,3,2
19.45,39.18,13.28,3,2
19.46,39.61,12.84,3,2
19.78,39.98,13.21,3,2
19.02,39.36,13.28,3,2
20.26,40.23,13.87,3,2
19.78,39.61,13.26,3,2
19.81,39.88,13.24,3,2
19.48,39.59,13.16,3,2
19.62,39.9,14.36,3,2
19.84,39.79,13.35,3,2
19.63,39.45,13.75,3,2
19.37,39.93,12.59,3,2
19.62,40.09,13.23,3,2
19.92,39.6,12.26,3,2
18.87,39.43,14.61,3,2
19.69,39.6,14.17,3,2
20.03,39.04,13.59,3,2
19.97,39.44,14,3,2
19.62,39.45,13.01,3,2
19.95,39.45,13.07,3,2
19.51,39.48,13.04,3,2
20.09,40.09,13.81,3,2
19.42,39.44,13.2,3,2
19.85,39.39,14.22,3,2
19.79,38.9,13.43,3,2
19.9,39.42,14.33,3,2
19.8,39.6,14.38,3,2
20.09,39.2,14.54,3,2
20.19,39.65,14.47,3,2
20.02,39.17,14.31,3,2
19.6,39.56,14.32,3,2
19.95,39.45,14.27,3,2
19.69,39.09,13.93,3,2
19.98,39.77,13.93,3,2
20.19,39.89,13.49,3,2
19.53,39.2,14.6,3,2
19.42,39.82,15.16,3,2
19.29,38.79,13.56,3,2
19.6,39.18,14.07,3,2
19.93,38.95,14.11,3,2
19.71,39.36,14.28,3,2
19.14,39.84,14.55,3,2
19.07,39.25,14.56,3,2
19.24,39.45,15.05,3,2
19.65,39.16,13.62,3,2
19.82,39.28,13,3,2
19.58,38.94,13.55,3,2
19.29,39.6,13.26,3,2
20.01,39.25,13.82,3,2
19.97,39.32,13.93,3,2
19.63,39.4,14.51,3,2
19.89,39.48,14.83,3,2
19.29,38.9,15.2,3,2
20.14,39.14,14.06,3,2
19.67,39.21,13.43,3,2
20.13,38.93,14.23,3,2
19.62,39.38,14.77,3,2
19.27,39.07,13.27,3,2
18.96,39.67,12.87,3,2
19.17,39.04,14.27,3,2
19.19,39.21,14,3,2
19.25,39.34,13.33,3,2
19.36,39.32,12.95,3,2
19.4,39.62,14.09,3,2
19.35,39.54,14.67,3,2
19.54,39.51,13.71,3,2
19.51,39.53,13.51,3,2
19.34,39.21,13.88,3,2
18.87,39.49,13.77,3,2
19.76,39.33,13.95,3,2
19.26,39.33,13.44,3,2
19.63,39.12,13.71,3,2
19.57,39.32,12.61,3,2
19.73,39.51,13.05,3,2
19.62,39.34,12.95,3,2
19.38,39.4,13.55,3,2
19.02,39.14,13.77,3,2
19.03,38.81,12.52,3,2
19.67,39.29,13.27,3,2
19.01,39.27,13.37,3,2
18.7,39.21,14.89,3,2
20.04,39.82,14.49,3,2
19.31,39.01,14.01,3,2
19.62,39.61,14.42,3,2
19.68,39.15,14.1,3,2
19.36,39.4,13.85,3,2
19.89,39.16,14.17,3,2
19.21,39.66,14.25,3,2
19.68,39.7,14.05,3,2
19.36,38.88,12.99,3,2
19.41,39.58,14.37,3,2
19.81,39.34,12.32,3,2
19.73,39.73,13.29,3,2
19.52,40.09,13.09,3,2
19.4,39.59,13.01,3,2
19.59,40.05,14.21,3,2
19.84,39.42,12.78,3,2
19.4,39.84,12.95,3,2
19.31,39.89,12.02,3,2
18.93,39.94,11.23,3,2
18.79,40.66,11.29,3,2
19.43,40.48,10.8,3,2
19.81,40.27,11.73,3,2
19.3,40.55,12.11,3,2
19.43,40,13.26,3,2
18.71,39.54,13.51,3,2
18.42,38.73,13.96,3,2
18.25,38.46,15.21,5,4
18.52,38.5,16.74,5,4
18.08,38.02,16.59,5,4
18.75,37.52,18.52,5,4
18.52,37.79,18.04,5,4
18.79,37.93,17.86,5,4
18.32,37.87,18.02,5,4
18.05,36.34,17.94,5,4
18.97,36.68,18.63,5,4
18.65,37.15,18.57,5,4
21.53,37.48,18.66,5,4
19.03,37.27,18.26,5,4
18.57,37,17.37,5,4
18.26,36.99,18.24,5,4
18.71,37.4,19.19,5,4
18.88,37.21,19.57,5,4
18.2,35.75,19.91,5,4
17.85,35.62,20.25,5,4
17.58,35.41,19.65,5,4
17.53,35.4,19.69,5,4
19.04,34,21.84,5,4
21.31,31.41,22.6,5,4
20.63,28.97,25.01,5,4
20.67,27.12,25.7,5,4
20.48,26.73,27.36,5,4
21.25,26.94,28.27,5,4
21.14,25.33,27.81,5,4
19.14,22.9,27.43,5,4
19.47,23.33,30.15,5,4
18.14,22.03,28.99,5,4
18.2,20.95,30.03,5,4
18.9,20.26,30.03,5,4
18.75,21.11,29.6,5,4
18.16,18.97,30.87,5,4
18.53,18.6,31.2,5,4
18.14,19.15,30.3,5,4
18.02,17.72,30.16,5,4
19.03,17.58,30.63,5,4
18.49,17.48,31.1,5,4
18.19,18.01,30.53,5,4
18.58,16.85,30.92,5,4
18.04,16.67,31.43,5,4
18.49,16.63,31.58,5,4
18.59,15.03,31.15,5,4
18.05,16.36,30.86,5,4
18.25,15.43,31.26,5,4
18.4,14.77,32.64,5,4
18.51,14.79,31.92,5,4
17.93,14.59,32.07,5,4
18.69,12.15,30.93,5,4
19.04,11.36,32.7,5,4
18.47,10.3,31.77,5,4
18.43,8.78,32.3,2,1
18.9,6.36,32.64,2,1
18.7,4.59,31.77,2,1
18.1,4.31,32.35,2,1
18.1,3.04,31.25,2,1
17.43,1.71,31.79,2,1
18.49,1.29,31.26,2,1
17.19,0.96,32.04,2,1
16.92,-0.17,29.85,2,1
17.27,-1.21,31.18,5,4
17.47,-2.1,30.44,5,4
17.71,-3.45,29.85,5,4
17.65,-5.87,29.35,5,4
18.8,-8,26.7,5,4
18.44,-8.29,27.34,5,4
19.12,-7.01,28.86,5,4
18.69,-7.24,29.2,5,4
18.21,-6.77,29.14,5,4
17.93,-6.42,28.71,5,4
17.65,-6.1,28.27,5,4
17.49,-9.03,28.67,5,4
18.19,-6.27,28.82,5,4
17.59,-6.35,29.14,5,4
18.05,-6.63,29.41,5,4
17.96,-6.3,28.06,5,4
17.71,-6.36,28.81,5,4
17.58,-6.41,29.13,5,4
17.2,-5.93,28.63,5,4
17.64,-4.03,29.46,5,4
16.74,-2.66,30.27,5,4
17.25,-2.95,30.46,5,4
17.72,-2.53,30.94,5,4
18.05,-1.39,31.56,5,4
17.49,-0.57,31.36,2,1
17.98,0.34,32.02,2,1
18.08,0.51,31.47,2,1
17.79,0.46,31.42,2,1
17.99,0.24,31.7,2,1
19.37,0.48,31.75,2,1
19.06,-1.26,31.76,2,1
18.96,-0.32,32.78,2,1
19.3,0.66,32.19,2,1
18.6,0.94,33.07,2,1
19.02,0.4,32.54,2,1
19.23,1.33,31.67,2,1
18.79,0.33,32.23,2,1
18.97,1.1,32.52,2,1
19.37,1.23,32.3,2,1
19.01,1.11,30.98,2,1
18.68,1.53,31.81,2,1
18.75,1.5,32.92,2,1
18.92,1.26,30.98,2,1
18.91,1.71,31.58,2,1
18.8,1.92,32.74,2,1
18.77,1.5,31.69,2,1
18.19,1.59,32.7,2,1
18.38,1.57,31.92,2,1
18.08,1.95,31.84,2,1
18.1,2.17,31.05,2,1
18.93,2.29,31.86,2,1
18.57,1.82,31.86,2,1
18.48,1.79,32.93,2,1
18.68,2.37,32.45,2,1
18.07,1.79,31.45,2,1
18.91,2.14,31.68,2,1
18.4,2.66,32.63,2,1
17.94,1.94,32.12,2,1
18.18,2.42,31.85,2,1
18.3,2.6,31.85,2,1
18.87,2.71,32.13,2,1
18.23,2.31,32.32,2,1
18.77,2.86,32.51,2,1
18.15,2.99,32.09,2,1
18.54,3.25,32.19,2,1
18.55,3.42,30.91,2,1
18.36,3.12,30.99,2,1
18.37,3.31,31.32,2,1
18.53,2.99,33.08,2,1
18.53,2.89,30.92,2,1
18.44,3.16,32.21,2,1
18.73,2.83,32.7,2,1
18.63,3.03,32.76,2,1
18.49,3.45,32.73,2,1
18.73,3.3,32.18,2,1
18.33,3.53,31.86,2,1
18.47,3.78,32.28,2,1
18.37,3.66,31.65,2,1
18.07,3.77,31.6,2,1
18.26,3.43,31.74,2,1
18.1,3.55,32.26,2,1
17.86,3.61,32.09,2,1
18.31,3.61,32.13,2,1
17.88,4,32.2,2,1
18.24,3.76,32.97,2,1
18.25,3.66,32.01,2,1
17.6,4.13,31.97,2,1
18.19,3.54,31.63,2,1
17.9,3.49,31.91,2,1
18.03,3.59,31.14,2,1
18.36,4.35,32.32,2,1
18.51,3.92,32.43,2,1
18.9,4.1,32.21,2,1
17.98,4.19,31.96,2,1
17.79,4.69,31.81,2,1
18.23,4.9,30.62,2,1
18.66,5.58,32.09,2,1
18.85,7.08,32.14,2,1
19.2,9.09,32.35,5,4
19.06,12.87,33.02,5,4
19.24,19.54,31.96,5,4
19.67,24.51,30.03,5,4
19.75,26.57,28.1,5,4
20.1,30.03,25.79,5,4
19.69,32.35,21.73,5,4
19.04,33.19,20.35,5,4
19.57,33.75,20.42,5,4
18.98,35.85,16.76,5,4
18.16,38.93,10.11,3,2
17.69,40.69,4.19,5,4
16.36,39.75,0.6,5,4
16.67,38.37,-1.33,5,4
17.18,36.93,-6.05,5,4
16.13,35,-9.11,5,4
16.89,32.32,-13.76,5,4
16.61,28.43,-18.1,5,4
16.85,23.63,-19.47,5,4
16.66,18.19,-21.58,1,0
16.59,13.21,-23.02,1,0
16.83,11.56,-22.55,1,0
16.76,11.63,-24,1,0
17.15,10.85,-23.4,5,4
16.48,11.87,-24.02,1,0
16.2,12.38,-22.09,1,0
12.76,15.39,-19.62,1,0
9.18,15.65,-15.92,1,0
7.57,14.84,-14.23,1,0
7.3,14.99,-12.38,1,0
5.65,14.88,-9.92,1,0
5.79,15.19,-8.36,1,0
4.64,16.44,-5.43,1,0
4.06,16.94,-3.34,1,0
3.41,17.25,4.03,1,0
3.83,19.04,8.18,5,4
3.22,19.21,11.25,5,4
4.72,18.41,13.34,5,4
6.04,16.52,18.38,5,4
6.67,16.16,19.34,5,4
6.88,15.67,20.42,5,4
7.63,15.55,21.74,5,4
10.63,14.55,25.68,5,4
12.65,13.83,28.71,2,1
14.86,13.21,29.11,2,1
13.82,13.56,28.99,2,1
13.72,14.2,28.99,2,1
13.48,13.9,29.65,2,1
13.28,13.78,28.49,2,1
12.82,13.35,28.82,2,1
13.29,14.28,27.65,2,1
12.77,13,27.93,2,1
13.34,13.55,28.66,2,1
9.05,13.99,24.82,5,4
6.12,15.22,20.64,5,4
4.05,18.4,12.72,5,4
3.21,18.23,3.48,1,0
4.7,17.33,-3.43,1,0
5.27,16.6,-7.29,1,0
6.9,16.55,-9.63,1,0
7.97,15.58,-12.04,1,0
9.45,14.9,-15.2,1,0
16.25,13.9,-21.44,1,0
24.26,14.18,-26.31,1,0
31.93,14.2,-28.53,1,0
39.9,12.06,-28.82,1,0
47.83,8.09,-28.64,1,0
52.56,9.11,-27.16,1,0
53.47,12.01,-24.79,1,0
53.53,10.03,-27.31,1,0
55.48,7.87,-24.93,5,4
57.06,7.92,-26.21,1,0
58.91,8.33,-22.53,1,0
60.24,9.16,-22.51,1,0
62.77,9.52,-20.78,1,0
65.28,8.75,-18.7,1,0
67.63,8.01,-15.04,5,4
68.02,8.65,-13.66,5,4
68.31,9.08,-14.54,5,4
67.64,6.84,-14.84,5,4
66.88,8.15,-14.54,5,4
67.04,11.29,-14.95,5,4
66.92,14,-16.08,5,4
66.8,15.81,-12.79,5,4
65.87,16.15,-16.33,5,4
66.08,17.2,-14.17,5,4
65.77,18.74,-13.78,5,4
65.73,20.79,-13.02,5,4
65.44,21.53,-11.56,5,4
65.64,20.23,-14.73,5,4
65.84,15.55,-15.89,5,4
67.3,11.68,-15.5,5,4
67.74,11.56,-12.5,5,4
68.8,10.12,-13.42,5,4
68.93,10.61,-11.28,5,4
68.64,11.06,-12.62,5,4
65.95,11.29,-16.93,4,3
63.61,10.67,-19.93,4,3
62.48,9.08,-20.34,4,3
61.55,10.62,-21.45,5,4
58.46,10.14,-23.08,5,4
55.37,10.11,-27.03,5,4
57.29,10.82,-23.85,5,4
59.41,10.17,-23.35,1,0
57.31,9.94,-25.56,5,4
54.9,10.35,-25.68,1,0
55.37,9.52,-25.33,1,0
52.84,10.08,-28.23,1,0
48.58,9.19,-28.99,1,0
40.22,11.82,-31.96,1,0
27.54,11.8,-29.04,1,0
14.12,13.12,-21.2,1,0
6.13,15.55,-9.53,5,4
2.42,13.76,6.68,5,4
5.48,14.06,16.76,5,4
7.84,9.39,20.17,5,4
12.32,8.24,27.69,5,4
14.51,8.06,28.28,2,1
14.16,9.03,28.92,5,4
14.05,13.48,29.65,5,4
13.29,14.03,28.3,5,4
11.51,13.48,28.22,5,4
11.29,12.02,27.92,5,4
11.99,13.06,27.19,3,2
13.72,14.56,29.47,5,4
15.19,13.31,29.42,5,4
14.64,14.56,29.48,2,1
15.84,11.88,30.88,2,1
14.81,10.66,30.76,2,1
13.1,10.28,28.61,2,1
11.98,10.93,27.38,5,4
11.51,12,26.71,2,1
11.23,12.68,26.16,5,4
10.94,12.12,26.75,2,1
10.73,13.26,26.38,5,4
11.16,13.06,27.39,5,4
11.04,13.13,26.67,2,1
10.97,13.73,26.39,5,4
9.8,20.07,23.61,5,4
10.83,30.1,12.32,5,4
12.52,34.05,3.78,5,4
8.76,29.93,-4.77,5,4
7.19,27.66,-6.13,5,4
7.71,31.51,-3.83,1,0
7.97,29.46,-0.65,5,4
9.85,29.38,1.59,5,4
10.69,30.8,11.12,2,1
12.45,30.43,15.81,5,4
15.3,30.66,21.14,2,1
18.69,31.91,23.71,2,1
20.96,31.99,24.95,2,1
23.99,33.41,25.54,2,1
25.68,33.45,25.35,2,1
28.81,36.83,24.02,5,4
31.07,35.4,26.45,5,4
32.8,35.34,28.8,5,4
31.42,33.64,27.94,2,1
31.29,34.13,28.92,2,1
29.05,32.9,28.12,5,4
24.17,30.62,29.85,5,4
16.38,26.33,27.12,5,4
13.82,27.04,25.16,5,4
12.89,19.46,28.34,5,4
8.9,15.39,24.05,5,4
8.85,15.84,24.71,5,4
7.18,19.29,20,5,4
4.32,19.64,12.71,5,4
3.98,22.12,4.68,5,4
4.42,21.14,-0.85,1,0
4.82,18.62,-7.21,1,0
7.12,17.7,-12.21,1,0
10.57,17.72,-16.26,1,0
13.85,16.89,-20.39,1,0
16.11,16.47,-22.55,1,0
15.86,16.13,-22.11,1,0
15.97,16.63,-22.61,1,0
15.19,11.65,-21.52,1,0
14.18,-1.39,-19.17,5,4
13.56,-10.58,-11.93,5,4
13.28,-14.18,-5.31,5,4
13.18,-15.06,-3.09,5,4
13.17,-15.33,-3.26,5,4
13.83,-16.44,-1.56,3,2
14.38,-17.31,0.68,3,2
14.25,-16.92,1.14,3,2
14.38,-16.85,0.29,3,2
13.82,-16.39,0.1,3,2
13.96,-16.59,0.33,3,2
13.7,-16.67,-0.15,3,2
13.89,-17.09,1.33,3,2
14.05,-16.72,0.55,3,2
14.26,-16.66,0.66,3,2
14.51,-16.66,0.57,3,2
14.2,-16.35,-0.82,3,2
14.12,-16.47,-2.55,5,4
13.35,-15.5,-3.34,5,4
13.65,-14.6,-5.98,5,4
14.64,-12.17,-10.28,5,4
14.56,-8.47,-15.37,5,4
13.61,1.01,-19.73,5,4
6.86,13.01,-9.3,1,0
5.46,13.15,-4.48,1,0
4.3,12.98,-3.1,1,0
3.96,12.94,-0.29,1,0
2.19,13.2,4.21,1,0
1.73,15,5.36,1,0
1.87,13.55,3.96,1,0
2.61,14.73,5.15,1,0
3.22,14.83,7.9,1,0
4.43,15.25,11.36,5,4
5.38,14.37,15.09,5,4
6.01,15.7,16.24,5,4
6.45,14.62,17.55,5,4
7.82,14.59,22.68,5,4
10,14.88,24.51,5,4
10.84,14.29,26.97,5,4
11.76,12.7,27.32,5,4
12.99,12.68,27.34,5,4
12.85,13.35,28.59,5,4
13.06,13.12,28.92,5,4
11.72,14.47,27.62,5,4
10.79,16.46,25.54,5,4
10.06,19.64,23.38,5,4
7.63,23.22,18.16,1,0
7.37,22.73,18.59,5,4
7.13,16.67,21.51,5,4
7.53,12.73,22.73,5,4
7.84,13,24.07,5,4
8.25,11.56,24.13,5,4
7.52,12.02,22.55,5,4
8.03,12.54,22.61,5,4
6.99,14.38,21.97,5,4
4.63,15.72,18.1,5,4
2.67,15.92,9.06,1,0
2.75,17.08,-1.78,1,0
5.24,12.89,-9.58,1,0
12.7,14.67,-19.1,1,0
20.4,19.85,-23.6,1,0
28.32,15.03,-27.21,1,0
39.11,9.55,-28.89,5,4
50.81,20.67,-25.13,1,0
57.56,19.95,-22.39,5,4
62.9,20.25,-16.35,5,4
62.57,15.41,-20.2,5,4
63.31,19.52,-16.25,4,3
64.16,20.75,-14.92,5,4
64.51,20.64,-14.84,5,4
64.16,19.54,-14.62,1,0
63.93,18.68,-15.31,3,2
64.56,18.18,-14.36,5,4
64.51,18.63,-14.67,5,4
64.56,19.07,-15.97,4,3
63.15,20.72,-16.26,4,3
63.5,21.22,-14.44,3,2
64.38,20.96,-14.99,4,3
63.89,20.35,-15.08,3,2
63.46,21.15,-15.25,4,3
63.85,21.45,-15.98,3,2
63.42,20.69,-15.95,4,3
63.55,20.62,-15.42,4,3
63.55,20.3,-15.31,4,3
63.42,21.14,-15.86,4,3
63.93,22.13,-14.75,4,3
63.55,21.47,-14.49,3,2
63.61,20.72,-15.89,3,2
63.29,21.8,-15.34,3,2
62.9,21.02,-14.97,3,2
64.07,21.18,-14.9,3,2
64.18,20.17,-14.49,3,2
64.58,20.02,-14.83,3,2
63.92,20.3,-14.76,3,2
64.89,20.1,-15.34,3,2
64.47,20.47,-15.66,3,2
64.53,20.15,-14.75,3,2
64.81,20.35,-15.71,3,2
64.77,20.54,-15.69,4,3
64.55,19.76,-15.21,4,3
64.17,19.6,-14.45,4,3
64.18,19.52,-15.61,4,3
64.53,19.79,-15.54,3,2
64.31,19.92,-15.55,4,3
63.82,19.8,-15.44,4,3
64.12,19.85,-14.95,4,3
64.15,19.95,-15.33,4,3
64.23,19.63,-14.88,3,2
65,18.33,-14.31,5,4
65.34,17.6,-14.09,5,4
64.93,16.82,-15.26,5,4
65.71,16.97,-15.11,3,2
65.31,17.79,-15.64,3,2
65.23,17.07,-15.7,5,4
65.23,17.41,-15.14,3,2
65.5,16.81,-16.16,4,3
65.06,17.43,-15.78,4,3
64.59,17.37,-16.11,4,3
65.03,18.29,-15.39,4,3
64.11,17.33,-15.54,4,3
64.75,17.9,-15.72,4,3
64.93,17.37,-16.44,4,3
65.21,17.59,-15.98,4,3
64.92,17.36,-14.9,4,3
65.62,17.37,-15.41,4,3
65.32,17.05,-15.97,4,3
65.12,17.25,-15.36,4,3
65.71,17.26,-15.75,4,3
65.34,17.61,-15.84,3,2
65.71,17.04,-15.22,4,3
65.05,16.71,-15.78,4,3
65.27,17.66,-15.39,4,3
65.64,17.55,-15.77,3,2
65.49,17.44,-15.83,4,3
65.31,17.27,-15.15,4,3
65.41,17.1,-15.04,4,3
65.64,16.7,-15.59,4,3
65.86,16.66,-14.65,4,3
65.41,17.03,-15.25,3,2
65.49,16.85,-15.26,4,3
65.92,17.16,-15.75,4,3
65.08,16.81,-15.52,4,3
64.78,16.89,-14.92,4,3
65.44,16.78,-14.98,4,3
65.41,16.63,-15.32,3,2
65.75,16.36,-14.55,4,3
65.2,16.59,-15.34,4,3
65.33,16.54,-15.12,3,2
65.95,15.61,-15.8,3,2
65.97,15.47,-15.27,4,3
65.87,16.05,-15.91,4,3
65.99,16.17,-15.45,5,4
65.27,16.35,-15,5,4
66.22,16.32,-15.8,5,4
65.67,16.1,-14.75,5,4
65.78,16.89,-15.15,5,4
65.17,16.63,-15.82,5,4
65.37,16.82,-14.87,5,4
65.97,16.37,-15.55,3,2
66,16.31,-16.19,4,3
65.44,15.83,-16.14,4,3
65.5,16.32,-16.56,4,3
65.32,16.43,-16.76,4,3
65.34,16.55,-17.16,4,3
65.26,16.35,-15.65,4,3
65.34,16.85,-16.52,4,3
64.7,16.88,-16.77,4,3
64.87,16.63,-15.99,4,3
65.21,16.44,-17.22,4,3
65.09,16.6,-15.6,4,3
64.98,16.83,-17.07,4,3
64.55,16.77,-17.29,4,3
65.21,16.06,-15.86,4,3
65.22,16.58,-16.96,4,3
64.53,15.86,-15.7,4,3
65.31,15.97,-15.73,4,3
65.22,16.41,-16.97,4,3
65.49,16.3,-16.61,4,3
65,16.3,-15.81,4,3
64.94,16.09,-17.24,4,3
65.65,15.7,-16.14,4,3
64.7,15.98,-16.47,4,3
65.49,15.97,-16.76,4,3
65.37,16.36,-15.84,4,3
64.9,16.17,-15.54,4,3
64.79,15.64,-16.61,4,3
65.48,16.1,-15.82,4,3
65.16,15.55,-15.6,4,3
65.23,16.15,-16.77,4,3
65.09,15.93,-16.67,4,3
65.28,15.78,-16.55,4,3
65.48,15.95,-16.2,4,3
64.95,16.17,-15.83,4,3
65.32,16.52,-16.17,4,3
65.16,16.48,-15.27,4,3
66.03,16.08,-16.77,4,3
65.33,16.2,-16.81,4,3
65.06,15.91,-17.36,4,3
65.5,16.3,-15.98,4,3
65.58,16.5,-15.94,4,3
65.49,16.06,-15.97,4,3
65.72,15.98,-15.7,4,3
65.81,15.71,-16.53,4,3
64.78,16.37,-16.25,4,3
65.25,15.92,-16.7,4,3
64.58,16.05,-16.93,4,3
64.89,16.19,-17.18,4,3
65.31,15.99,-16.04,4,3
64.77,16.06,-16.92,4,3
65.14,16.35,-18.13,4,3
65.39,16.7,-16.96,4,3
65.65,16.32,-16.26,4,3
65.72,16.56,-16.91,4,3
65.26,16.87,-16.32,4,3
65.16,16.25,-16.08,4,3
65.03,16.32,-17.37,4,3
65.26,16.33,-16.15,4,3
65.3,16.28,-15.82,4,3
65.1,16.31,-16.48,4,3
65.27,16.49,-15.92,4,3
64.82,16.48,-16.96,4,3
64.81,16.71,-15.05,4,3
65.37,16.59,-15.53,4,3
65.62,16.88,-16.48,4,3
64.99,16.35,-16.15,4,3
64.53,16.2,-16.91,4,3
64.51,15.93,-16.25,4,3
64.54,16.35,-16.13,4,3
65.06,16.17,-16.48,4,3
65.34,15.52,-16.17,4,3
64.87,16.33,-15.72,4,3
65.3,17.07,-16.88,4,3
64.92,16.82,-15.92,4,3
65.38,16.58,-15.83,4,3
64.22,15.84,-16.22,3,2
64.64,16.6,-16.8,4,3
64.65,16.38,-16.98,4,3
65.22,16.44,-16.35,4,3
65.08,16.75,-16.49,4,3
64.72,16.19,-16.1,4,3
64.9,17.26,-14.98,4,3
64.47,16.75,-15.48,4,3
64.51,16.8,-15.83,4,3
64.65,16.83,-16.33,4,3
65.03,17.02,-15.71,4,3
64.78,16.49,-15.78,4,3
64.81,16.76,-16.98,4,3
65.31,16.89,-14.34,4,3
65.22,16.58,-16.21,4,3
64.9,16.82,-15.55,4,3
64.93,16.55,-15.66,4,3
64.89,16.61,-16.26,4,3
65.1,16.75,-16.82,4,3
64.84,16.55,-16.2,4,3
65.45,16.94,-16.96,4,3
65.03,16.53,-17.18,4,3
65.73,16.41,-15.7,4,3
65.3,16.63,-15.76,4,3
65.11,17.02,-16.47,4,3
64.36,16.77,-15.73,4,3
64.78,16.63,-15.99,4,3
64.53,16.32,-16.33,4,3
65.06,16.19,-15.66,4,3
65.28,16.56,-16.25,4,3
64.92,16.86,-17.19,4,3
65.87,16.21,-15.76,4,3
65.31,16.32,-15.41,4,3
65.45,16.42,-17.33,4,3
65.42,16.13,-16.96,4,3
65.32,16.42,-15.53,4,3
65.44,16.76,-15.89,4,3
65.15,16.71,-15.83,4,3
65.38,16.72,-16.39,4,3
65.38,16.49,-15.53,4,3
64.98,16.42,-17.07,4,3
65.64,16.42,-16.11,4,3
65.44,16.61,-14.82,4,3
65.52,15.99,-16.42,4,3
64.89,15.93,-15.21,4,3
65.34,15.78,-16.05,4,3
65.38,16.61,-16.71,4,3
65.34,15.53,-16.1,4,3
65.36,16.05,-15.6,4,3
65.72,16.28,-15.75,4,3
65.56,16.53,-15.04,4,3
65.52,16.64,-15.38,4,3
65.6,16.04,-16.41,4,3
65.95,16.2,-16.81,4,3
65.26,15.69,-15.89,4,3
65.27,16.19,-15.28,3,2
65.7,16.06,-16.11,4,3
65.78,16.55,-15.58,4,3
65.42,16.42,-16.22,4,3
66.21,15.92,-16.88,4,3
65.52,15.97,-16.11,4,3
65.6,16.36,-16.89,4,3
65.28,15.77,-16.43,4,3
65.48,16.14,-16.25,4,3
65.43,16.21,-16.44,4,3
65.86,16.17,-15.52,4,3
65.43,15.97,-15.45,4,3
65.38,16.5,-15.28,4,3
66.27,15.95,-16.61,4,3
65.78,15.86,-16.75,4,3
65.32,15.81,-16.59,4,3
65.48,16.1,-16.49,4,3
65.52,16.11,-15.78,4,3
66.35,16.53,-15.31,4,3
65.67,16.55,-15.12,4,3
65.86,16.03,-16.1,4,3
65.76,15.89,-16.14,4,3
65.39,16.15,-15.59,4,3
65.43,16.46,-15.73,4,3
65.33,16.44,-15.32,4,3
65.45,16.26,-14.82,4,3
65.32,16.21,-15.58,4,3
65.73,16.17,-17.25,4,3
65.16,15.48,-16.52,4,3
65.58,16.8,-15.98,4,3
65.49,16.2,-16.63,4,3
65.39,15.91,-15.91,4,3
65.15,16.16,-15.05,4,3
65.76,15.98,-16.1,4,3
65.65,15.84,-16.41,4,3
65.78,16.27,-16.71,4,3
65.65,16.81,-16.91,4,3
65.22,15.86,-16.2,4,3
65.97,15.99,-16.5,4,3
65.91,16.48,-16.46,4,3
65.17,16.05,-15.83,4,3
65.66,16.65,-15.93,4,3
66.32,16.08,-15.82,4,3
65.98,16.25,-15.95,4,3
65.72,16.59,-16.83,4,3
64.94,16.24,-15.84,4,3
65.47,16.48,-14.69,4,3
65.84,16.77,-15.71,4,3
65.48,16.37,-16.41,4,3
65.6,16.08,-15.91,4,3
65.7,16.33,-15.8,4,3
66.05,16.15,-15.39,4,3
65.94,16.25,-15.55,4,3
66.26,16.3,-15.75,4,3
65.32,16.17,-15.76,4,3
65.75,16.22,-16.35,4,3
65.54,16.1,-15.66,4,3
65.97,16.31,-16.13,4,3
65.71,16.48,-15.64,4,3
65.28,16.2,-15.38,4,3
65.75,16.72,-16.2,4,3
65.5,16.17,-16.02,4,3
65.61,16.31,-17.11,4,3
65.97,15.69,-15.43,4,3
65.81,16.44,-16.83,4,3
66.25,16.28,-16.99,4,3
65.62,16.35,-15.84,4,3
65.66,16.04,-16.32,4,3
65.82,16.36,-15.58,4,3
65.91,16.53,-15.41,3,2
65.58,16.75,-15.5,3,2
66.42,16.8,-15.31,3,2
65.49,16.88,-15.08,3,2
65.37,16.66,-15.44,3,2
65.76,16.37,-15.83,3,2
65.33,17.24,-16,3,2
65.52,17.16,-15.34,3,2
65.61,17.6,-15.21,3,2
64.9,16.66,-15.5,5,4
65.6,17.47,-15.71,5,4
66.11,17.46,-16.13,5,4
66.32,16.67,-15.1,5,4
65.71,16.75,-14.94,5,4
66.2,16.88,-14.65,5,4
66.82,16.71,-15.41,5,4
66.42,16.53,-14.44,5,4
66.94,16.97,-14.33,5,4
66.5,16.92,-14.21,5,4
66.32,16.92,-15.81,5,4
66.55,16.16,-15.38,5,4
66.54,16.15,-15.04,5,4
65.92,16.75,-14.83,5,4
65.91,16.33,-14.51,5,4
66.32,16.6,-14.88,5,4
66.35,16.33,-14.23,5,4
66.09,16.41,-16.27,4,3
65.91,16.02,-16.24,4,3
66.02,16.52,-17.36,4,3
65.56,16.49,-15.91,4,3
65.28,16.83,-16.78,4,3
65.25,16.58,-16.2,4,3
65.37,17.21,-16.76,4,3
64.87,16.63,-16.49,4,3
65.37,16.55,-16.65,4,3
65.5,16.47,-17.15,4,3
65.16,16.61,-16.48,4,3
65.48,16.5,-15.94,4,3
65.3,16.5,-15.37,4,3
64.97,16.82,-16.04,4,3
65.06,16.39,-15.89,4,3
65.1,16.85,-15.98,4,3
65.01,17.29,-15.56,4,3
65.03,16.86,-15.66,4,3
65.1,16.87,-15.95,4,3
65.27,17.03,-15.63,4,3
64.95,16.69,-16.21,4,3
64.97,16.7,-16.46,4,3
65.36,16.65,-16.33,4,3
65.21,16.67,-15.54,4,3
64.86,16.27,-16.43,4,3
65.22,16.99,-15.16,4,3
65.08,16.85,-15.91,4,3
65.08,16.63,-16.06,4,3
65.48,16.58,-16.17,4,3
65.64,16.56,-15.81,4,3
65.53,16.87,-17.02,4,3
65.55,16.48,-16.24,4,3
65.97,16.81,-16.04,4,3
65.83,16.56,-17.25,4,3
65.45,16.38,-15.81,4,3
65.14,16.64,-15.98,4,3
65.44,16.96,-16.33,4,3
65.54,16.5,-15.3,4,3
64.82,16,-15.78,4,3
65.23,16.49,-15.7,4,3
65.17,16.39,-15.95,4,3
65.76,16.5,-16.03,4,3
65.54,16.7,-15.52,3,2
65.28,16.32,-17.03,4,3
65.04,16.7,-16.41,4,3
65.15,16.58,-16.08,4,3
65.25,16.47,-15.93,4,3
65.73,16.54,-16.32,3,2
65.48,17.05,-16.94,4,3
65.86,16.72,-16.22,4,3
65.48,16.76,-14.71,4,3
65.47,17.59,-15.95,4,3
65.33,16.83,-16.03,4,3
65.3,17.37,-16.43,4,3
65.19,17.58,-15.52,3,2
65.37,17.57,-15.1,3,2
65.19,18.13,-15.72,3,2
65.91,17.49,-14.51,3,2
65.44,16.75,-15.69,3,2
65.39,17.18,-15.45,5,4
66.24,16.85,-15.09,5,4
66.21,17.54,-14.7,5,4
66.14,17.64,-14.86,5,4
65.67,17.07,-13.85,5,4
65.65,17.79,-14.86,5,4
66.27,17.14,-14.94,5,4
65.94,17.13,-14.93,5,4
66.15,17.26,-14.49,5,4
65.89,16.83,-13.72,5,4
65.95,16.77,-14.73,5,4
65.87,17.1,-16.11,5,4
65.78,17.68,-14.72,5,4
65.62,17.58,-14.47,5,4
65.95,16.8,-15.75,5,4
65.55,16.87,-14.38,5,4
66.26,17,-14.4,5,4
65.59,16.96,-15.88,5,4
66.15,17.14,-16.09,5,4
65.5,16.35,-14.59,5,4
65.65,16.96,-15.22,5,4
66,16.86,-15.44,5,4
66.37,16.91,-15.08,5,4
66.15,17.41,-14.5,5,4
66.41,16.97,-14.55,5,4
65.86,16.21,-15.03,5,4
66.32,16.99,-14.75,5,4
65.93,16.96,-14.51,5,4
66.85,17.37,-15.28,5,4
66.33,18.04,-14.16,5,4
65.92,18.16,-15.12,5,4
66.26,17.6,-14.4,5,4
66.08,16.78,-16.25,3,2
65.75,17.37,-16.52,4,3
65.73,17.26,-16.2,4,3
66.03,16.97,-15.69,4,3
65.39,17.19,-16.65,3,2
65.95,17.88,-15.28,3,2
65.23,17.43,-15.83,3,2
65.88,17.7,-16.43,4,3
65.43,16.76,-17.35,4,3
65.33,17.48,-15.91,4,3
65.04,17.19,-16.32,4,3
65.42,18.03,-15.56,4,3
65.94,17.53,-15.69,3,2
65.7,17.57,-15.73,3,2
65.26,17.25,-15.61,3,2
65.98,17.3,-16.24,4,3
65.55,17.26,-16.33,4,3
65.78,16.78,-15.75,4,3
65.61,17.2,-16,4,3
65.27,17.15,-15.25,4,3
65.27,18.01,-16.21,4,3
65.27,17.35,-16.71,4,3
65.54,17.6,-16.2,4,3
65.03,17.4,-15.99,4,3
65,17.24,-16.44,4,3
65.16,17.36,-16.17,4,3
65.12,18.08,-16.85,4,3
65.08,17.11,-15.25,4,3
65.36,17.77,-16.1,4,3
64.9,17.68,-16.27,4,3
65.26,17.61,-15.99,4,3
66.05,17.44,-16.53,4,3
65.88,18.3,-16.44,4,3
65.15,17.6,-15.12,4,3
65.38,18.09,-15.92,4,3
65.53,17.99,-15.97,4,3
64.69,17.54,-16.31,4,3
65.21,17.32,-16.24,4,3
64.84,17.79,-15.82,4,3
65.36,18.04,-15.61,4,3
64.79,17.26,-16.78,4,3
65.26,17.57,-16.64,4,3
64.84,17.81,-15.31,4,3
65.27,16.87,-16.59,4,3
65.64,17.6,-15.97,4,3
65.04,17.37,-16.44,4,3
64.99,16.44,-16.43,4,3
64.95,17.46,-16.2,4,3
65.25,17.57,-15.22,4,3
65.03,17.49,-16.25,4,3
65.03,17.11,-16.38,4,3
65.37,17.26,-16.53,4,3
65.58,17.36,-17.19,4,3
65.08,17.2,-16.92,4,3
65.38,17.44,-16.96,4,3
65.42,17.43,-17.24,4,3
65.61,17.37,-17.27,4,3
65.15,17.18,-16.88,4,3
65.06,17.26,-15.44,4,3
65.15,17.16,-16.67,4,3
65.39,17.04,-16.33,4,3
64.73,17.15,-15.93,4,3
65.27,17.52,-16.2,4,3
64.65,16.97,-15.47,4,3
64.75,16.87,-16.14,4,3
65.73,17.5,-15.95,4,3
64.98,16.56,-16.14,3,2
65.14,17.31,-17.5,4,3
65.05,16.78,-15.48,4,3
65.11,17.26,-16.11,4,3
65.34,16.65,-15.34,4,3
65.14,16.87,-15.84,3,2
65.05,17.13,-15.83,4,3
65.2,16.83,-15.94,4,3
64.98,17.59,-15.39,4,3
65,17.37,-14.76,4,3
65.15,17.08,-14.78,4,3
65.7,17.15,-14.89,4,3
64.98,16.86,-16.44,4,3
65.04,17.18,-16.67,4,3
65.11,17.47,-14.86,4,3
65.03,16.81,-15.99,4,3
65.15,17.05,-15.87,4,3
65.08,16.91,-15.82,3,2
64.76,16.85,-15.77,4,3
64.9,16.5,-15.32,4,3
65.15,16.93,-15.58,4,3
65.2,16.96,-16.55,4,3
65.42,17.02,-16.98,4,3
65.36,16.82,-14.51,4,3
65.31,16.96,-15.64,4,3
65.03,16.53,-15.11,4,3
65.42,16.72,-16.42,4,3
65.62,17.31,-15.72,4,3
65.49,16.75,-15.97,4,3
64.82,17.21,-14.82,4,3
65.36,16.77,-15.95,4,3
65.17,16.76,-16.15,4,3
65.21,17.5,-15.99,3,2
65.27,17.04,-15.69,4,3
65.86,16.86,-16.21,4,3
65.89,16.97,-15.99,4,3
65.08,16.98,-15.04,4,3
65.39,17.3,-15.69,4,3
65.04,17.46,-15.59,4,3
65.71,17.19,-15.28,3,2
65.15,16.67,-14.62,3,2
65.47,17.19,-15.43,3,2
65.55,17.08,-14.94,4,3
65.14,16.74,-14.6,4,3
65.49,16.65,-15.75,4,3
65.44,17.48,-14.81,4,3
65.82,16.92,-15.97,3,2
65.37,16.93,-15.54,4,3
65.61,16.26,-15.44,4,3
65.43,16.35,-16.54,3,2
65.39,17.3,-15.81,4,3
65.94,17.27,-15.48,4,3
65.54,16.72,-15.73,4,3
65.97,16.8,-15.71,4,3
65.69,17.24,-16.14,4,3
65.49,17.46,-16.14,4,3
65.72,16.92,-14.89,4,3
65.31,17.41,-16.32,4,3
64.93,17.24,-16.03,4,3
65.82,16.64,-15.53,4,3
65.25,17.24,-14.87,4,3
65,17.6,-15.33,4,3
64.72,17.03,-16.21,4,3
65.19,16.99,-16.37,4,3
